date,financial_year,region,fuel_type,installed_capacity_mw,monitored_capacity_mw,annual_target_mu,today_program_mu,today_actual_mu,apr1_till_date_program_mu,apr1_till_date_actual_mu,deviation_mu,deviation_pct,source_pdf,parse_ok,error
2025-03-01,2024-25,Northern,Thermal,55159.96,55159.96,322361.0,818.28,760.92,296178.28,272631.1,-23547.18,-7.95,C:\Users\DHANVISHLP\my-mlops-project\data\raw\generation\raw\2024\2025-03-01.pdf,True,
2025-03-01,2024-25,Northern,Nuclear,1620.0,1620.0,10793.0,35.12,20.71,9739.12,10362.1,622.98,6.4,C:\Users\DHANVISHLP\my-mlops-project\data\raw\generation\raw\2024\2025-03-01.pdf,True,
2025-03-01,2024-25,Northern,Hydro,19774.27,19774.27,80886.0,141.34,137.18,76645.34,72726.74,-3918.6,-5.11,C:\Users\DHANVISHLP\my-mlops-project\data\raw\generation\raw\2024\2025-03-01.pdf,True,
2025-03-01,2024-25,Northern,Total,76554.23,76554.23,414040.0,994.74,918.81,382562.74,355719.94,-26842.8,-7.02,C:\Users\DHANVISHLP\my-mlops-project\data\raw\generation\raw\2024\2025-03-01.pdf,True,
2025-03-01,2024-25,Western,Thermal,97252.5,97252.5,544560.0,1494.98,1570.66,498265.98,495586.33,-2679.65,-0.54,C:\Users\DHANVISHLP\my-mlops-project\data\raw\generation\raw\2024\2025-03-01.pdf,True,
2025-03-01,2024-25,Western,Nuclear,3240.0,3240.0,22576.0,69.79,64.59,20481.79,19126.95,-1354.84,-6.61,C:\Users\DHANVISHLP\my-mlops-project\data\raw\generation\raw\2024\2025-03-01.pdf,True,
2025-03-01,2024-25,Western,Hydro,7392.0,7392.0,16573.0,38.55,49.46,15416.55,18259.28,2842.73,18.44,C:\Users\DHANVISHLP\my-mlops-project\data\raw\generation\raw\2024\2025-03-01.pdf,True,
2025-03-01,2024-25,Western,Total,107884.5,107884.5,583709.0,1603.32,1684.71,534164.32,532972.56,-1191.76,-0.22,C:\Users\DHANVISHLP\my-mlops-project\data\raw\generation\raw\2024\2025-03-01.pdf,True,
2025-03-01,2024-25,Southern,Thermal,53807.29,53797.3,286830.0,863.08,736.33,260943.08,225312.85,-35630.23,-13.65,C:\Users\DHANVISHLP\my-mlops-project\data\raw\generation\raw\2024\2025-03-01.pdf,True,
2025-03-01,2024-25,Southern,Nuclear,3320.0,3320.0,21979.0,67.24,71.02,19961.24,22604.5,2643.26,13.24,C:\Users\DHANVISHLP\my-mlops-project\data\raw\generation\raw\2024\2025-03-01.pdf,True,
2025-03-01,2024-25,Southern,Hydro,11787.15,11787.15,30878.0,96.17,88.55,27991.17,31500.86,3509.69,12.54,C:\Users\DHANVISHLP\my-mlops-project\data\raw\generation\raw\2024\2025-03-01.pdf,True,
2025-03-01,2024-25,Southern,Total,68914.44,68904.45,339687.0,1026.49,895.9,308895.49,279418.21,-29477.28,-9.54,C:\Users\DHANVISHLP\my-mlops-project\data\raw\generation\raw\2024\2025-03-01.pdf,True,
2025-03-01,2024-25,Eastern,Thermal,37889.71,37889.71,275250.0,786.45,736.61,251070.45,238828.96,-12241.49,-4.88,C:\Users\DHANVISHLP\my-mlops-project\data\raw\generation\raw\2024\2025-03-01.pdf,True,
2025-03-01,2024-25,Eastern,Hydro,5987.75,5987.75,12220.0,20.67,23.6,11599.67,10592.19,-1007.48,-8.69,C:\Users\DHANVISHLP\my-mlops-project\data\raw\generation\raw\2024\2025-03-01.pdf,True,
2025-03-01,2024-25,Eastern,Total,43877.46,43877.46,287470.0,807.12,760.21,262670.12,249421.15,-13248.97,-5.04,C:\Users\DHANVISHLP\my-mlops-project\data\raw\generation\raw\2024\2025-03-01.pdf,True,
2025-03-01,2024-25,North Eastern,Thermal,2450.95,2450.95,15942.0,45.21,32.71,14721.21,12271.0,-2450.21,-16.64,C:\Users\DHANVISHLP\my-mlops-project\data\raw\generation\raw\2024\2025-03-01.pdf,True,
2025-03-01,2024-25,North Eastern,Hydro,2027.0,2027.0,7152.0,8.81,7.93,6887.81,6984.58,96.77,1.4,C:\Users\DHANVISHLP\my-mlops-project\data\raw\generation\raw\2024\2025-03-01.pdf,True,
2025-03-01,2024-25,North Eastern,Total,4477.95,4477.95,23094.0,54.02,40.64,21609.02,19255.58,-2353.44,-10.89,C:\Users\DHANVISHLP\my-mlops-project\data\raw\generation\raw\2024\2025-03-01.pdf,True,
2025-03-01,2024-25,ALL INDIA,Thermal,246560.42,246550.42,1444943.0,4008.0,3837.23,1321179.0,1244630.24,-76548.76,-5.79,C:\Users\DHANVISHLP\my-mlops-project\data\raw\generation\raw\2024\2025-03-01.pdf,True,
2025-03-01,2024-25,ALL INDIA,Nuclear,8180.0,8180.0,55348.0,172.15,156.32,50182.15,52093.55,1911.4,3.81,C:\Users\DHANVISHLP\my-mlops-project\data\raw\generation\raw\2024\2025-03-01.pdf,True,
2025-03-01,2024-25,ALL INDIA,Hydro,46968.17,46968.17,147709.0,305.54,306.72,138540.54,140063.65,1523.11,1.1,C:\Users\DHANVISHLP\my-mlops-project\data\raw\generation\raw\2024\2025-03-01.pdf,True,
2025-03-01,2024-25,ALL INDIA,Bhutan Imp,,,8000.0,12.34,1.15,7629.34,5364.37,-2264.97,-29.69,C:\Users\DHANVISHLP\my-mlops-project\data\raw\generation\raw\2024\2025-03-01.pdf,True,
2025-03-01,2024-25,ALL INDIA,R.E.S,165202.2,,,,,,,,,C:\Users\DHANVISHLP\my-mlops-project\data\raw\generation\raw\2024\2025-03-01.pdf,True,
2025-03-01,2024-25,ALL INDIA,Total,466910.79,301698.59,1656000.0,4498.03,4301.42,1517531.03,1442151.81,-75379.22,-4.97,C:\Users\DHANVISHLP\my-mlops-project\data\raw\generation\raw\2024\2025-03-01.pdf,True,
2025-03-02,2024-25,Northern,Thermal,55159.96,55159.96,322361.0,826.15,760.05,297004.43,273391.15,-23613.28,-7.95,C:\Users\DHANVISHLP\my-mlops-project\data\raw\generation\raw\2024\2025-03-02.pdf,True,
2025-03-02,2024-25,Northern,Nuclear,1620.0,1620.0,10793.0,35.12,20.77,9774.24,10382.87,608.63,6.23,C:\Users\DHANVISHLP\my-mlops-project\data\raw\generation\raw\2024\2025-03-02.pdf,True,
2025-03-02,2024-25,Northern,Hydro,19774.27,19774.27,80886.0,141.34,114.33,76786.68,72841.07,-3945.61,-5.14,C:\Users\DHANVISHLP\my-mlops-project\data\raw\generation\raw\2024\2025-03-02.pdf,True,
2025-03-02,2024-25,Northern,Total,76554.23,76554.23,414040.0,1002.61,895.15,383565.35,356615.09,-26950.26,-7.03,C:\Users\DHANVISHLP\my-mlops-project\data\raw\generation\raw\2024\2025-03-02.pdf,True,
2025-03-02,2024-25,Western,Thermal,97252.5,97252.5,544560.0,1506.21,1501.13,499772.19,497087.46,-2684.73,-0.54,C:\Users\DHANVISHLP\my-mlops-project\data\raw\generation\raw\2024\2025-03-02.pdf,True,
2025-03-02,2024-25,Western,Nuclear,3240.0,3240.0,22576.0,69.79,64.71,20551.58,19191.66,-1359.92,-6.62,C:\Users\DHANVISHLP\my-mlops-project\data\raw\generation\raw\2024\2025-03-02.pdf,True,
2025-03-02,2024-25,Western,Hydro,7392.0,7392.0,16573.0,38.55,41.04,15455.1,18300.32,2845.22,18.41,C:\Users\DHANVISHLP\my-mlops-project\data\raw\generation\raw\2024\2025-03-02.pdf,True,
2025-03-02,2024-25,Western,Total,107884.5,107884.5,583709.0,1614.55,1606.88,535778.87,534579.44,-1199.43,-0.22,C:\Users\DHANVISHLP\my-mlops-project\data\raw\generation\raw\2024\2025-03-02.pdf,True,
2025-03-02,2024-25,Southern,Thermal,53807.29,53797.3,286830.0,863.08,736.61,261806.16,226049.46,-35756.7,-13.66,C:\Users\DHANVISHLP\my-mlops-project\data\raw\generation\raw\2024\2025-03-02.pdf,True,
2025-03-02,2024-25,Southern,Nuclear,3320.0,3320.0,21979.0,67.24,70.86,20028.48,22675.36,2646.88,13.22,C:\Users\DHANVISHLP\my-mlops-project\data\raw\generation\raw\2024\2025-03-02.pdf,True,
2025-03-02,2024-25,Southern,Hydro,11787.15,11787.15,30878.0,96.17,72.08,28087.34,31572.94,3485.6,12.41,C:\Users\DHANVISHLP\my-mlops-project\data\raw\generation\raw\2024\2025-03-02.pdf,True,
2025-03-02,2024-25,Southern,Total,68914.44,68904.45,339687.0,1026.49,879.55,309921.98,280297.76,-29624.22,-9.56,C:\Users\DHANVISHLP\my-mlops-project\data\raw\generation\raw\2024\2025-03-02.pdf,True,
2025-03-02,2024-25,Eastern,Thermal,37889.71,37889.71,275250.0,786.45,734.52,251856.9,239563.48,-12293.42,-4.88,C:\Users\DHANVISHLP\my-mlops-project\data\raw\generation\raw\2024\2025-03-02.pdf,True,
2025-03-02,2024-25,Eastern,Hydro,5987.75,5987.75,12220.0,20.67,18.93,11620.34,10611.12,-1009.22,-8.68,C:\Users\DHANVISHLP\my-mlops-project\data\raw\generation\raw\2024\2025-03-02.pdf,True,
2025-03-02,2024-25,Eastern,Total,43877.46,43877.46,287470.0,807.12,753.45,263477.24,250174.6,-13302.64,-5.05,C:\Users\DHANVISHLP\my-mlops-project\data\raw\generation\raw\2024\2025-03-02.pdf,True,
2025-03-02,2024-25,North Eastern,Thermal,2450.95,2450.95,15942.0,45.21,32.69,14766.42,12303.69,-2462.73,-16.68,C:\Users\DHANVISHLP\my-mlops-project\data\raw\generation\raw\2024\2025-03-02.pdf,True,
2025-03-02,2024-25,North Eastern,Hydro,2027.0,2027.0,7152.0,8.81,6.95,6896.62,6991.53,94.91,1.38,C:\Users\DHANVISHLP\my-mlops-project\data\raw\generation\raw\2024\2025-03-02.pdf,True,
2025-03-02,2024-25,North Eastern,Total,4477.95,4477.95,23094.0,54.02,39.64,21663.04,19295.22,-2367.82,-10.93,C:\Users\DHANVISHLP\my-mlops-project\data\raw\generation\raw\2024\2025-03-02.pdf,True,
2025-03-02,2024-25,ALL INDIA,Thermal,246560.42,246550.42,1444943.0,4027.1,3765.0,1325206.1,1248395.24,-76810.86,-5.8,C:\Users\DHANVISHLP\my-mlops-project\data\raw\generation\raw\2024\2025-03-02.pdf,True,
2025-03-02,2024-25,ALL INDIA,Nuclear,8180.0,8180.0,55348.0,172.15,156.34,50354.3,52249.89,1895.59,3.76,C:\Users\DHANVISHLP\my-mlops-project\data\raw\generation\raw\2024\2025-03-02.pdf,True,
2025-03-02,2024-25,ALL INDIA,Hydro,46968.17,46968.17,147709.0,305.54,253.33,138846.08,140316.98,1470.9,1.06,C:\Users\DHANVISHLP\my-mlops-project\data\raw\generation\raw\2024\2025-03-02.pdf,True,
2025-03-02,2024-25,ALL INDIA,Bhutan Imp,,,8000.0,12.34,1.7,7641.68,5366.07,-2275.61,-29.78,C:\Users\DHANVISHLP\my-mlops-project\data\raw\generation\raw\2024\2025-03-02.pdf,True,
2025-03-02,2024-25,ALL INDIA,R.E.S,165202.2,,,,,,,,,C:\Users\DHANVISHLP\my-mlops-project\data\raw\generation\raw\2024\2025-03-02.pdf,True,
2025-03-02,2024-25,ALL INDIA,Total,466910.79,301698.59,1656000.0,4517.13,4176.37,1522048.16,1446328.18,-75719.98,-4.97,C:\Users\DHANVISHLP\my-mlops-project\data\raw\generation\raw\2024\2025-03-02.pdf,True,
2025-03-03,2024-25,Northern,Thermal,55159.96,55159.96,322361.0,828.22,813.68,297832.65,274204.83,-23627.82,-7.93,C:\Users\DHANVISHLP\my-mlops-project\data\raw\generation\raw\2024\2025-03-03.pdf,True,
2025-03-03,2024-25,Northern,Nuclear,1620.0,1620.0,10793.0,35.12,20.68,9809.36,10403.55,594.19,6.06,C:\Users\DHANVISHLP\my-mlops-project\data\raw\generation\raw\2024\2025-03-03.pdf,True,
2025-03-03,2024-25,Northern,Hydro,19774.27,19774.27,80886.0,141.34,112.34,76928.02,72953.41,-3974.61,-5.17,C:\Users\DHANVISHLP\my-mlops-project\data\raw\generation\raw\2024\2025-03-03.pdf,True,
2025-03-03,2024-25,Northern,Total,76554.23,76554.23,414040.0,1004.68,946.7,384570.03,357561.79,-27008.24,-7.02,C:\Users\DHANVISHLP\my-mlops-project\data\raw\generation\raw\2024\2025-03-03.pdf,True,
2025-03-03,2024-25,Western,Thermal,97252.5,97252.5,544560.0,1506.21,1493.81,501278.4,498580.02,-2698.38,-0.54,C:\Users\DHANVISHLP\my-mlops-project\data\raw\generation\raw\2024\2025-03-03.pdf,True,
2025-03-03,2024-25,Western,Nuclear,3240.0,3240.0,22576.0,69.79,64.68,20621.37,19256.34,-1365.03,-6.62,C:\Users\DHANVISHLP\my-mlops-project\data\raw\generation\raw\2024\2025-03-03.pdf,True,
2025-03-03,2024-25,Western,Hydro,7392.0,7392.0,16573.0,38.55,69.88,15493.65,18370.2,2876.55,18.57,C:\Users\DHANVISHLP\my-mlops-project\data\raw\generation\raw\2024\2025-03-03.pdf,True,
2025-03-03,2024-25,Western,Total,107884.5,107884.5,583709.0,1614.55,1628.37,537393.42,536206.56,-1186.86,-0.22,C:\Users\DHANVISHLP\my-mlops-project\data\raw\generation\raw\2024\2025-03-03.pdf,True,
2025-03-03,2024-25,Southern,Thermal,53807.29,53797.3,286830.0,863.08,786.79,262669.24,226836.25,-35832.99,-13.64,C:\Users\DHANVISHLP\my-mlops-project\data\raw\generation\raw\2024\2025-03-03.pdf,True,
2025-03-03,2024-25,Southern,Nuclear,3320.0,3320.0,21979.0,67.24,76.07,20095.72,22751.43,2655.71,13.22,C:\Users\DHANVISHLP\my-mlops-project\data\raw\generation\raw\2024\2025-03-03.pdf,True,
2025-03-03,2024-25,Southern,Hydro,11787.15,11787.15,30878.0,96.17,95.36,28183.51,31668.3,3484.79,12.36,C:\Users\DHANVISHLP\my-mlops-project\data\raw\generation\raw\2024\2025-03-03.pdf,True,
2025-03-03,2024-25,Southern,Total,68914.44,68904.45,339687.0,1026.49,958.22,310948.47,281255.98,-29692.49,-9.55,C:\Users\DHANVISHLP\my-mlops-project\data\raw\generation\raw\2024\2025-03-03.pdf,True,
2025-03-03,2024-25,Eastern,Thermal,37889.71,37889.71,275250.0,782.83,768.46,252639.73,240331.94,-12307.79,-4.87,C:\Users\DHANVISHLP\my-mlops-project\data\raw\generation\raw\2024\2025-03-03.pdf,True,
2025-03-03,2024-25,Eastern,Hydro,5987.75,5987.75,12220.0,20.67,20.99,11641.01,10632.11,-1008.9,-8.67,C:\Users\DHANVISHLP\my-mlops-project\data\raw\generation\raw\2024\2025-03-03.pdf,True,
2025-03-03,2024-25,Eastern,Total,43877.46,43877.46,287470.0,803.5,789.45,264280.74,250964.05,-13316.69,-5.04,C:\Users\DHANVISHLP\my-mlops-project\data\raw\generation\raw\2024\2025-03-03.pdf,True,
2025-03-03,2024-25,North Eastern,Thermal,2450.95,2450.95,15942.0,45.21,34.91,14811.63,12338.6,-2473.03,-16.7,C:\Users\DHANVISHLP\my-mlops-project\data\raw\generation\raw\2024\2025-03-03.pdf,True,
2025-03-03,2024-25,North Eastern,Hydro,2027.0,2027.0,7152.0,8.81,8.09,6905.43,6999.62,94.19,1.36,C:\Users\DHANVISHLP\my-mlops-project\data\raw\generation\raw\2024\2025-03-03.pdf,True,
2025-03-03,2024-25,North Eastern,Total,4477.95,4477.95,23094.0,54.02,43.0,21717.06,19338.22,-2378.84,-10.95,C:\Users\DHANVISHLP\my-mlops-project\data\raw\generation\raw\2024\2025-03-03.pdf,True,
2025-03-03,2024-25,ALL INDIA,Thermal,246560.42,246550.42,1444943.0,4025.55,3897.65,1329231.65,1252291.64,-76940.01,-5.79,C:\Users\DHANVISHLP\my-mlops-project\data\raw\generation\raw\2024\2025-03-03.pdf,True,
2025-03-03,2024-25,ALL INDIA,Nuclear,8180.0,8180.0,55348.0,172.15,161.43,50526.45,52411.32,1884.87,3.73,C:\Users\DHANVISHLP\my-mlops-project\data\raw\generation\raw\2024\2025-03-03.pdf,True,
2025-03-03,2024-25,ALL INDIA,Hydro,46968.17,46968.17,147709.0,305.54,306.66,139151.62,140623.64,1472.02,1.06,C:\Users\DHANVISHLP\my-mlops-project\data\raw\generation\raw\2024\2025-03-03.pdf,True,
2025-03-03,2024-25,ALL INDIA,Bhutan Imp,,,8000.0,12.34,2.13,7654.02,5368.2,-2285.82,-29.86,C:\Users\DHANVISHLP\my-mlops-project\data\raw\generation\raw\2024\2025-03-03.pdf,True,
2025-03-03,2024-25,ALL INDIA,R.E.S,165202.2,,,,,,,,,C:\Users\DHANVISHLP\my-mlops-project\data\raw\generation\raw\2024\2025-03-03.pdf,True,
2025-03-03,2024-25,ALL INDIA,Total,466910.79,301698.59,1656000.0,4515.58,4367.87,1526563.74,1450694.8,-75868.94,-4.97,C:\Users\DHANVISHLP\my-mlops-project\data\raw\generation\raw\2024\2025-03-03.pdf,True,
2025-03-04,2024-25,Northern,Thermal,55159.96,55159.96,322361.0,828.22,775.77,298660.87,274980.6,-23680.27,-7.93,C:\Users\DHANVISHLP\my-mlops-project\data\raw\generation\raw\2024\2025-03-04.pdf,True,
2025-03-04,2024-25,Northern,Nuclear,1620.0,1620.0,10793.0,35.12,20.79,9844.48,10424.34,579.86,5.89,C:\Users\DHANVISHLP\my-mlops-project\data\raw\generation\raw\2024\2025-03-04.pdf,True,
2025-03-04,2024-25,Northern,Hydro,19774.27,19774.27,80886.0,141.34,115.96,77069.36,73069.37,-3999.99,-5.19,C:\Users\DHANVISHLP\my-mlops-project\data\raw\generation\raw\2024\2025-03-04.pdf,True,
2025-03-04,2024-25,Northern,Total,76554.23,76554.23,414040.0,1004.68,912.52,385574.71,358474.31,-27100.4,-7.03,C:\Users\DHANVISHLP\my-mlops-project\data\raw\generation\raw\2024\2025-03-04.pdf,True,
2025-03-04,2024-25,Western,Thermal,97252.5,97252.5,544560.0,1508.35,1514.78,502786.75,500094.8,-2691.95,-0.54,C:\Users\DHANVISHLP\my-mlops-project\data\raw\generation\raw\2024\2025-03-04.pdf,True,
2025-03-04,2024-25,Western,Nuclear,3240.0,3240.0,22576.0,69.79,62.25,20691.16,19318.59,-1372.57,-6.63,C:\Users\DHANVISHLP\my-mlops-project\data\raw\generation\raw\2024\2025-03-04.pdf,True,
2025-03-04,2024-25,Western,Hydro,7392.0,7392.0,16573.0,38.55,55.07,15532.2,18425.27,2893.07,18.63,C:\Users\DHANVISHLP\my-mlops-project\data\raw\generation\raw\2024\2025-03-04.pdf,True,
2025-03-04,2024-25,Western,Total,107884.5,107884.5,583709.0,1616.69,1632.1,539010.11,537838.66,-1171.45,-0.22,C:\Users\DHANVISHLP\my-mlops-project\data\raw\generation\raw\2024\2025-03-04.pdf,True,
2025-03-04,2024-25,Southern,Thermal,53807.29,53797.3,286830.0,863.08,774.61,263532.32,227610.86,-35921.46,-13.63,C:\Users\DHANVISHLP\my-mlops-project\data\raw\generation\raw\2024\2025-03-04.pdf,True,
2025-03-04,2024-25,Southern,Nuclear,3320.0,3320.0,21979.0,67.24,76.29,20162.96,22827.72,2664.76,13.22,C:\Users\DHANVISHLP\my-mlops-project\data\raw\generation\raw\2024\2025-03-04.pdf,True,
2025-03-04,2024-25,Southern,Hydro,11787.15,11787.15,30878.0,96.17,90.3,28279.68,31758.6,3478.92,12.3,C:\Users\DHANVISHLP\my-mlops-project\data\raw\generation\raw\2024\2025-03-04.pdf,True,
2025-03-04,2024-25,Southern,Total,68914.44,68904.45,339687.0,1026.49,941.2,311974.96,282197.18,-29777.78,-9.54,C:\Users\DHANVISHLP\my-mlops-project\data\raw\generation\raw\2024\2025-03-04.pdf,True,
2025-03-04,2024-25,Eastern,Thermal,37889.71,37889.71,275250.0,782.83,757.36,253422.56,241089.3,-12333.26,-4.87,C:\Users\DHANVISHLP\my-mlops-project\data\raw\generation\raw\2024\2025-03-04.pdf,True,
2025-03-04,2024-25,Eastern,Hydro,5987.75,5987.75,12220.0,20.67,22.28,11661.68,10654.39,-1007.29,-8.64,C:\Users\DHANVISHLP\my-mlops-project\data\raw\generation\raw\2024\2025-03-04.pdf,True,
2025-03-04,2024-25,Eastern,Total,43877.46,43877.46,287470.0,803.5,779.64,265084.24,251743.69,-13340.55,-5.03,C:\Users\DHANVISHLP\my-mlops-project\data\raw\generation\raw\2024\2025-03-04.pdf,True,
2025-03-04,2024-25,North Eastern,Thermal,2450.95,2450.95,15942.0,45.21,34.14,14856.84,12372.74,-2484.1,-16.72,C:\Users\DHANVISHLP\my-mlops-project\data\raw\generation\raw\2024\2025-03-04.pdf,True,
2025-03-04,2024-25,North Eastern,Hydro,2027.0,2027.0,7152.0,8.81,9.56,6914.24,7009.18,94.94,1.37,C:\Users\DHANVISHLP\my-mlops-project\data\raw\generation\raw\2024\2025-03-04.pdf,True,
2025-03-04,2024-25,North Eastern,Total,4477.95,4477.95,23094.0,54.02,43.7,21771.08,19381.92,-2389.16,-10.97,C:\Users\DHANVISHLP\my-mlops-project\data\raw\generation\raw\2024\2025-03-04.pdf,True,
2025-03-04,2024-25,ALL INDIA,Thermal,246560.42,246550.42,1444943.0,4027.69,3856.66,1333259.34,1256148.3,-77111.04,-5.78,C:\Users\DHANVISHLP\my-mlops-project\data\raw\generation\raw\2024\2025-03-04.pdf,True,
2025-03-04,2024-25,ALL INDIA,Nuclear,8180.0,8180.0,55348.0,172.15,159.33,50698.6,52570.65,1872.05,3.69,C:\Users\DHANVISHLP\my-mlops-project\data\raw\generation\raw\2024\2025-03-04.pdf,True,
2025-03-04,2024-25,ALL INDIA,Hydro,46968.17,46968.17,147709.0,305.54,293.17,139457.16,140916.81,1459.65,1.05,C:\Users\DHANVISHLP\my-mlops-project\data\raw\generation\raw\2024\2025-03-04.pdf,True,
2025-03-04,2024-25,ALL INDIA,Bhutan Imp,,,8000.0,12.34,2.43,7666.36,5370.63,-2295.73,-29.95,C:\Users\DHANVISHLP\my-mlops-project\data\raw\generation\raw\2024\2025-03-04.pdf,True,
2025-03-04,2024-25,ALL INDIA,R.E.S,165202.2,,,,,,,,,C:\Users\DHANVISHLP\my-mlops-project\data\raw\generation\raw\2024\2025-03-04.pdf,True,
2025-03-04,2024-25,ALL INDIA,Total,466910.79,301698.59,1656000.0,4517.72,4311.59,1531081.46,1455006.39,-76075.07,-4.97,C:\Users\DHANVISHLP\my-mlops-project\data\raw\generation\raw\2024\2025-03-04.pdf,True,
2025-03-05,2024-25,Northern,Thermal,55159.96,55159.96,322361.0,832.22,761.14,299493.09,275741.74,-23751.35,-7.93,C:\Users\DHANVISHLP\my-mlops-project\data\raw\generation\raw\2024\2025-03-05.pdf,True,
2025-03-05,2024-25,Northern,Nuclear,1620.0,1620.0,10793.0,35.12,21.14,9879.6,10445.48,565.88,5.73,C:\Users\DHANVISHLP\my-mlops-project\data\raw\generation\raw\2024\2025-03-05.pdf,True,
2025-03-05,2024-25,Northern,Hydro,19774.27,19774.27,80886.0,141.34,110.56,77210.7,73179.93,-4030.77,-5.22,C:\Users\DHANVISHLP\my-mlops-project\data\raw\generation\raw\2024\2025-03-05.pdf,True,
2025-03-05,2024-25,Northern,Total,76554.23,76554.23,414040.0,1008.68,892.84,386583.39,359367.15,-27216.24,-7.04,C:\Users\DHANVISHLP\my-mlops-project\data\raw\generation\raw\2024\2025-03-05.pdf,True,
2025-03-05,2024-25,Western,Thermal,97252.5,97252.5,544560.0,1510.46,1476.41,504297.21,501572.65,-2724.56,-0.54,C:\Users\DHANVISHLP\my-mlops-project\data\raw\generation\raw\2024\2025-03-05.pdf,True,
2025-03-05,2024-25,Western,Nuclear,3240.0,3240.0,22576.0,69.79,60.08,20760.95,19378.67,-1382.28,-6.66,C:\Users\DHANVISHLP\my-mlops-project\data\raw\generation\raw\2024\2025-03-05.pdf,True,
2025-03-05,2024-25,Western,Hydro,7392.0,7392.0,16573.0,38.55,52.25,15570.75,18477.52,2906.77,18.67,C:\Users\DHANVISHLP\my-mlops-project\data\raw\generation\raw\2024\2025-03-05.pdf,True,
2025-03-05,2024-25,Western,Total,107884.5,107884.5,583709.0,1618.8,1588.74,540628.91,539428.84,-1200.07,-0.22,C:\Users\DHANVISHLP\my-mlops-project\data\raw\generation\raw\2024\2025-03-05.pdf,True,
2025-03-05,2024-25,Southern,Thermal,53807.29,53797.3,286830.0,863.08,785.46,264395.4,228396.32,-35999.08,-13.62,C:\Users\DHANVISHLP\my-mlops-project\data\raw\generation\raw\2024\2025-03-05.pdf,True,
2025-03-05,2024-25,Southern,Nuclear,3320.0,3320.0,21979.0,67.24,76.18,20230.2,22903.9,2673.7,13.22,C:\Users\DHANVISHLP\my-mlops-project\data\raw\generation\raw\2024\2025-03-05.pdf,True,
2025-03-05,2024-25,Southern,Hydro,11787.15,11787.15,30878.0,96.17,89.18,28375.85,31847.78,3471.93,12.24,C:\Users\DHANVISHLP\my-mlops-project\data\raw\generation\raw\2024\2025-03-05.pdf,True,
2025-03-05,2024-25,Southern,Total,68914.44,68904.45,339687.0,1026.49,950.82,313001.45,283148.0,-29853.45,-9.54,C:\Users\DHANVISHLP\my-mlops-project\data\raw\generation\raw\2024\2025-03-05.pdf,True,
2025-03-05,2024-25,Eastern,Thermal,37889.71,37889.71,275250.0,782.83,738.89,254205.39,241828.19,-12377.2,-4.87,C:\Users\DHANVISHLP\my-mlops-project\data\raw\generation\raw\2024\2025-03-05.pdf,True,
2025-03-05,2024-25,Eastern,Hydro,5987.75,5987.75,12220.0,20.67,19.98,11682.35,10674.37,-1007.98,-8.63,C:\Users\DHANVISHLP\my-mlops-project\data\raw\generation\raw\2024\2025-03-05.pdf,True,
2025-03-05,2024-25,Eastern,Total,43877.46,43877.46,287470.0,803.5,758.87,265887.74,252502.56,-13385.18,-5.03,C:\Users\DHANVISHLP\my-mlops-project\data\raw\generation\raw\2024\2025-03-05.pdf,True,
2025-03-05,2024-25,North Eastern,Thermal,2450.95,2450.96,15942.0,43.07,33.6,14899.91,12406.34,-2493.57,-16.74,C:\Users\DHANVISHLP\my-mlops-project\data\raw\generation\raw\2024\2025-03-05.pdf,True,
2025-03-05,2024-25,North Eastern,Hydro,2027.0,2027.0,7152.0,8.81,8.63,6923.05,7017.81,94.76,1.37,C:\Users\DHANVISHLP\my-mlops-project\data\raw\generation\raw\2024\2025-03-05.pdf,True,
2025-03-05,2024-25,North Eastern,Total,4477.95,4477.96,23094.0,51.88,42.23,21822.96,19424.15,-2398.81,-10.99,C:\Users\DHANVISHLP\my-mlops-project\data\raw\generation\raw\2024\2025-03-05.pdf,True,
2025-03-05,2024-25,ALL INDIA,Thermal,246560.42,246550.42,1444943.0,4031.66,3795.5,1337291.0,1259945.24,-77345.76,-5.78,C:\Users\DHANVISHLP\my-mlops-project\data\raw\generation\raw\2024\2025-03-05.pdf,True,
2025-03-05,2024-25,ALL INDIA,Nuclear,8180.0,8180.0,55348.0,172.15,157.4,50870.75,52728.05,1857.3,3.65,C:\Users\DHANVISHLP\my-mlops-project\data\raw\generation\raw\2024\2025-03-05.pdf,True,
2025-03-05,2024-25,ALL INDIA,Hydro,46968.17,46968.17,147709.0,305.54,280.6,139762.7,141197.41,1434.71,1.03,C:\Users\DHANVISHLP\my-mlops-project\data\raw\generation\raw\2024\2025-03-05.pdf,True,
2025-03-05,2024-25,ALL INDIA,Bhutan Imp,,,8000.0,12.34,2.3,7678.7,5372.93,-2305.77,-30.03,C:\Users\DHANVISHLP\my-mlops-project\data\raw\generation\raw\2024\2025-03-05.pdf,True,
2025-03-05,2024-25,ALL INDIA,R.E.S,165202.2,,,,,,,,,C:\Users\DHANVISHLP\my-mlops-project\data\raw\generation\raw\2024\2025-03-05.pdf,True,
2025-03-05,2024-25,ALL INDIA,Total,466910.79,301698.59,1656000.0,4521.69,4235.8,1535603.15,1459243.63,-76359.52,-4.97,C:\Users\DHANVISHLP\my-mlops-project\data\raw\generation\raw\2024\2025-03-05.pdf,True,
2025-03-06,2024-25,Northern,Thermal,55159.96,55159.96,322361.0,829.57,843.24,300322.66,276584.98,-23737.68,-7.9,C:\Users\DHANVISHLP\my-mlops-project\data\raw\generation\raw\2024\2025-03-06.pdf,True,
2025-03-06,2024-25,Northern,Nuclear,1620.0,1620.0,10793.0,35.12,21.03,9914.72,10466.51,551.79,5.57,C:\Users\DHANVISHLP\my-mlops-project\data\raw\generation\raw\2024\2025-03-06.pdf,True,
2025-03-06,2024-25,Northern,Hydro,19774.27,19774.27,80886.0,141.34,110.28,77352.04,73290.21,-4061.83,-5.25,C:\Users\DHANVISHLP\my-mlops-project\data\raw\generation\raw\2024\2025-03-06.pdf,True,
2025-03-06,2024-25,Northern,Total,76554.23,76554.23,414040.0,1006.03,974.55,387589.42,360341.7,-27247.72,-7.03,C:\Users\DHANVISHLP\my-mlops-project\data\raw\generation\raw\2024\2025-03-06.pdf,True,
2025-03-06,2024-25,Western,Thermal,97252.5,97252.5,544560.0,1510.46,1518.87,505807.67,503091.52,-2716.15,-0.54,C:\Users\DHANVISHLP\my-mlops-project\data\raw\generation\raw\2024\2025-03-06.pdf,True,
2025-03-06,2024-25,Western,Nuclear,3240.0,3240.0,22576.0,69.79,60.18,20830.74,19438.85,-1391.89,-6.68,C:\Users\DHANVISHLP\my-mlops-project\data\raw\generation\raw\2024\2025-03-06.pdf,True,
2025-03-06,2024-25,Western,Hydro,7392.0,7392.0,16573.0,38.55,42.35,15609.3,18519.87,2910.57,18.65,C:\Users\DHANVISHLP\my-mlops-project\data\raw\generation\raw\2024\2025-03-06.pdf,True,
2025-03-06,2024-25,Western,Total,107884.5,107884.5,583709.0,1618.8,1621.4,542247.71,541050.24,-1197.47,-0.22,C:\Users\DHANVISHLP\my-mlops-project\data\raw\generation\raw\2024\2025-03-06.pdf,True,
2025-03-06,2024-25,Southern,Thermal,53807.29,53797.29,286830.0,863.08,799.3,265258.48,229195.62,-36062.86,-13.6,C:\Users\DHANVISHLP\my-mlops-project\data\raw\generation\raw\2024\2025-03-06.pdf,True,
2025-03-06,2024-25,Southern,Nuclear,3320.0,3320.0,21979.0,67.24,75.32,20297.44,22979.22,2681.78,13.21,C:\Users\DHANVISHLP\my-mlops-project\data\raw\generation\raw\2024\2025-03-06.pdf,True,
2025-03-06,2024-25,Southern,Hydro,11787.15,11787.15,30878.0,96.17,85.4,28472.02,31933.18,3461.16,12.16,C:\Users\DHANVISHLP\my-mlops-project\data\raw\generation\raw\2024\2025-03-06.pdf,True,
2025-03-06,2024-25,Southern,Total,68914.44,68904.44,339687.0,1026.49,960.02,314027.94,284108.02,-29919.92,-9.53,C:\Users\DHANVISHLP\my-mlops-project\data\raw\generation\raw\2024\2025-03-06.pdf,True,
2025-03-06,2024-25,Eastern,Thermal,37889.71,37889.71,275250.0,782.83,766.85,254988.22,242595.04,-12393.18,-4.86,C:\Users\DHANVISHLP\my-mlops-project\data\raw\generation\raw\2024\2025-03-06.pdf,True,
2025-03-06,2024-25,Eastern,Hydro,5987.75,5987.75,12220.0,20.67,18.25,11703.02,10692.62,-1010.4,-8.63,C:\Users\DHANVISHLP\my-mlops-project\data\raw\generation\raw\2024\2025-03-06.pdf,True,
2025-03-06,2024-25,Eastern,Total,43877.46,43877.46,287470.0,803.5,785.1,266691.24,253287.66,-13403.58,-5.03,C:\Users\DHANVISHLP\my-mlops-project\data\raw\generation\raw\2024\2025-03-06.pdf,True,
2025-03-06,2024-25,North Eastern,Thermal,2450.95,2450.95,15942.0,43.07,33.66,14942.98,12440.0,-2502.98,-16.75,C:\Users\DHANVISHLP\my-mlops-project\data\raw\generation\raw\2024\2025-03-06.pdf,True,
2025-03-06,2024-25,North Eastern,Hydro,2027.0,2027.0,7152.0,8.81,9.31,6931.86,7027.12,95.26,1.37,C:\Users\DHANVISHLP\my-mlops-project\data\raw\generation\raw\2024\2025-03-06.pdf,True,
2025-03-06,2024-25,North Eastern,Total,4477.95,4477.95,23094.0,51.88,42.97,21874.84,19467.12,-2407.72,-11.01,C:\Users\DHANVISHLP\my-mlops-project\data\raw\generation\raw\2024\2025-03-06.pdf,True,
2025-03-06,2024-25,ALL INDIA,Thermal,246560.42,246550.42,1444943.0,4029.01,3961.92,1341320.01,1263907.16,-77412.85,-5.77,C:\Users\DHANVISHLP\my-mlops-project\data\raw\generation\raw\2024\2025-03-06.pdf,True,
2025-03-06,2024-25,ALL INDIA,Nuclear,8180.0,8180.0,55348.0,172.15,156.53,51042.9,52884.58,1841.68,3.61,C:\Users\DHANVISHLP\my-mlops-project\data\raw\generation\raw\2024\2025-03-06.pdf,True,
2025-03-06,2024-25,ALL INDIA,Hydro,46968.17,46968.17,147709.0,305.54,265.59,140068.24,141463.0,1394.76,1.0,C:\Users\DHANVISHLP\my-mlops-project\data\raw\generation\raw\2024\2025-03-06.pdf,True,
2025-03-06,2024-25,ALL INDIA,Bhutan Imp,,,8000.0,12.34,1.64,7691.04,5374.57,-2316.47,-30.12,C:\Users\DHANVISHLP\my-mlops-project\data\raw\generation\raw\2024\2025-03-06.pdf,True,
2025-03-06,2024-25,ALL INDIA,R.E.S,165202.2,,,,,,,,,C:\Users\DHANVISHLP\my-mlops-project\data\raw\generation\raw\2024\2025-03-06.pdf,True,
2025-03-06,2024-25,ALL INDIA,Total,466910.79,301698.59,1656000.0,4519.04,4385.68,1540122.19,1463629.31,-76492.88,-4.97,C:\Users\DHANVISHLP\my-mlops-project\data\raw\generation\raw\2024\2025-03-06.pdf,True,
2025-03-07,2024-25,Northern,Thermal,55159.96,55159.96,322361.0,829.57,869.05,301152.23,277454.03,-23698.2,-7.87,C:\Users\DHANVISHLP\my-mlops-project\data\raw\generation\raw\2024\2025-03-07.pdf,True,
2025-03-07,2024-25,Northern,Nuclear,1620.0,1620.0,10793.0,35.12,20.89,9949.84,10487.4,537.56,5.4,C:\Users\DHANVISHLP\my-mlops-project\data\raw\generation\raw\2024\2025-03-07.pdf,True,
2025-03-07,2024-25,Northern,Hydro,19774.27,19774.27,80886.0,141.34,112.88,77493.38,73403.09,-4090.29,-5.28,C:\Users\DHANVISHLP\my-mlops-project\data\raw\generation\raw\2024\2025-03-07.pdf,True,
2025-03-07,2024-25,Northern,Total,76554.23,76554.23,414040.0,1006.03,1002.82,388595.45,361344.52,-27250.93,-7.01,C:\Users\DHANVISHLP\my-mlops-project\data\raw\generation\raw\2024\2025-03-07.pdf,True,
2025-03-07,2024-25,Western,Thermal,97252.5,97252.5,544560.0,1510.46,1590.8,507318.13,504682.32,-2635.81,-0.52,C:\Users\DHANVISHLP\my-mlops-project\data\raw\generation\raw\2024\2025-03-07.pdf,True,
2025-03-07,2024-25,Western,Nuclear,3240.0,3240.0,22576.0,69.79,60.02,20900.53,19498.87,-1401.66,-6.71,C:\Users\DHANVISHLP\my-mlops-project\data\raw\generation\raw\2024\2025-03-07.pdf,True,
2025-03-07,2024-25,Western,Hydro,7392.0,7392.0,16573.0,38.55,48.64,15647.85,18568.51,2920.66,18.66,C:\Users\DHANVISHLP\my-mlops-project\data\raw\generation\raw\2024\2025-03-07.pdf,True,
2025-03-07,2024-25,Western,Total,107884.5,107884.5,583709.0,1618.8,1699.46,543866.51,542749.7,-1116.81,-0.21,C:\Users\DHANVISHLP\my-mlops-project\data\raw\generation\raw\2024\2025-03-07.pdf,True,
2025-03-07,2024-25,Southern,Thermal,53807.29,53797.29,286830.0,863.08,797.28,266121.56,229992.9,-36128.66,-13.58,C:\Users\DHANVISHLP\my-mlops-project\data\raw\generation\raw\2024\2025-03-07.pdf,True,
2025-03-07,2024-25,Southern,Nuclear,3320.0,3320.0,21979.0,67.24,75.77,20364.68,23054.99,2690.31,13.21,C:\Users\DHANVISHLP\my-mlops-project\data\raw\generation\raw\2024\2025-03-07.pdf,True,
2025-03-07,2024-25,Southern,Hydro,11787.15,11787.15,30878.0,96.17,88.17,28568.19,32021.35,3453.16,12.09,C:\Users\DHANVISHLP\my-mlops-project\data\raw\generation\raw\2024\2025-03-07.pdf,True,
2025-03-07,2024-25,Southern,Total,68914.44,68904.44,339687.0,1026.49,961.22,315054.43,285069.24,-29985.19,-9.52,C:\Users\DHANVISHLP\my-mlops-project\data\raw\generation\raw\2024\2025-03-07.pdf,True,
2025-03-07,2024-25,Eastern,Thermal,37889.71,37889.71,275250.0,778.0,768.06,255766.22,243363.1,-12403.12,-4.85,C:\Users\DHANVISHLP\my-mlops-project\data\raw\generation\raw\2024\2025-03-07.pdf,True,
2025-03-07,2024-25,Eastern,Hydro,5987.75,5987.75,12220.0,20.67,19.7,11723.69,10712.32,-1011.37,-8.63,C:\Users\DHANVISHLP\my-mlops-project\data\raw\generation\raw\2024\2025-03-07.pdf,True,
2025-03-07,2024-25,Eastern,Total,43877.46,43877.46,287470.0,798.67,787.76,267489.91,254075.42,-13414.49,-5.01,C:\Users\DHANVISHLP\my-mlops-project\data\raw\generation\raw\2024\2025-03-07.pdf,True,
2025-03-07,2024-25,North Eastern,Thermal,2450.95,2450.95,15942.0,43.07,33.89,14986.05,12473.89,-2512.16,-16.76,C:\Users\DHANVISHLP\my-mlops-project\data\raw\generation\raw\2024\2025-03-07.pdf,True,
2025-03-07,2024-25,North Eastern,Hydro,2027.0,2027.0,7152.0,8.81,7.52,6940.67,7034.64,93.97,1.35,C:\Users\DHANVISHLP\my-mlops-project\data\raw\generation\raw\2024\2025-03-07.pdf,True,
2025-03-07,2024-25,North Eastern,Total,4477.95,4477.95,23094.0,51.88,41.41,21926.72,19508.53,-2418.19,-11.03,C:\Users\DHANVISHLP\my-mlops-project\data\raw\generation\raw\2024\2025-03-07.pdf,True,
2025-03-07,2024-25,ALL INDIA,Thermal,246560.42,246550.42,1444943.0,4024.18,4059.08,1345344.19,1267966.24,-77377.95,-5.75,C:\Users\DHANVISHLP\my-mlops-project\data\raw\generation\raw\2024\2025-03-07.pdf,True,
2025-03-07,2024-25,ALL INDIA,Nuclear,8180.0,8180.0,55348.0,172.15,156.68,51215.05,53041.26,1826.21,3.57,C:\Users\DHANVISHLP\my-mlops-project\data\raw\generation\raw\2024\2025-03-07.pdf,True,
2025-03-07,2024-25,ALL INDIA,Hydro,46968.17,46968.17,147709.0,305.54,276.91,140373.78,141739.91,1366.13,0.97,C:\Users\DHANVISHLP\my-mlops-project\data\raw\generation\raw\2024\2025-03-07.pdf,True,
2025-03-07,2024-25,ALL INDIA,Bhutan Imp,,,8000.0,12.34,1.45,7703.38,5376.02,-2327.36,-30.21,C:\Users\DHANVISHLP\my-mlops-project\data\raw\generation\raw\2024\2025-03-07.pdf,True,
2025-03-07,2024-25,ALL INDIA,R.E.S,165202.2,,,,,,,,,C:\Users\DHANVISHLP\my-mlops-project\data\raw\generation\raw\2024\2025-03-07.pdf,True,
2025-03-07,2024-25,ALL INDIA,Total,466910.79,301698.59,1656000.0,4514.21,4494.12,1544636.4,1468123.43,-76512.97,-4.95,C:\Users\DHANVISHLP\my-mlops-project\data\raw\generation\raw\2024\2025-03-07.pdf,True,
2025-03-08,2024-25,Northern,Thermal,55159.96,55159.96,322361.0,829.57,862.15,301981.8,278316.18,-23665.62,-7.84,C:\Users\DHANVISHLP\my-mlops-project\data\raw\generation\raw\2024\2025-03-08.pdf,True,
2025-03-08,2024-25,Northern,Nuclear,1620.0,1620.0,10793.0,35.12,20.87,9984.96,10508.27,523.31,5.24,C:\Users\DHANVISHLP\my-mlops-project\data\raw\generation\raw\2024\2025-03-08.pdf,True,
2025-03-08,2024-25,Northern,Hydro,19774.27,19774.27,80886.0,141.34,112.26,77634.72,73515.35,-4119.37,-5.31,C:\Users\DHANVISHLP\my-mlops-project\data\raw\generation\raw\2024\2025-03-08.pdf,True,
2025-03-08,2024-25,Northern,Total,76554.23,76554.23,414040.0,1006.03,995.28,389601.48,362339.8,-27261.68,-7.0,C:\Users\DHANVISHLP\my-mlops-project\data\raw\generation\raw\2024\2025-03-08.pdf,True,
2025-03-08,2024-25,Western,Thermal,97252.5,97252.5,544560.0,1510.46,1624.33,508828.59,506306.65,-2521.94,-0.5,C:\Users\DHANVISHLP\my-mlops-project\data\raw\generation\raw\2024\2025-03-08.pdf,True,
2025-03-08,2024-25,Western,Nuclear,3240.0,3240.0,22576.0,69.79,59.67,20970.32,19558.54,-1411.78,-6.73,C:\Users\DHANVISHLP\my-mlops-project\data\raw\generation\raw\2024\2025-03-08.pdf,True,
2025-03-08,2024-25,Western,Hydro,7392.0,7392.0,16573.0,38.55,47.13,15686.4,18615.64,2929.24,18.67,C:\Users\DHANVISHLP\my-mlops-project\data\raw\generation\raw\2024\2025-03-08.pdf,True,
2025-03-08,2024-25,Western,Total,107884.5,107884.5,583709.0,1618.8,1731.13,545485.31,544480.83,-1004.48,-0.18,C:\Users\DHANVISHLP\my-mlops-project\data\raw\generation\raw\2024\2025-03-08.pdf,True,
2025-03-08,2024-25,Southern,Thermal,53807.29,53797.29,286830.0,863.08,805.1,266984.64,230798.0,-36186.64,-13.55,C:\Users\DHANVISHLP\my-mlops-project\data\raw\generation\raw\2024\2025-03-08.pdf,True,
2025-03-08,2024-25,Southern,Nuclear,3320.0,3320.0,21979.0,67.24,76.26,20431.92,23131.25,2699.33,13.21,C:\Users\DHANVISHLP\my-mlops-project\data\raw\generation\raw\2024\2025-03-08.pdf,True,
2025-03-08,2024-25,Southern,Hydro,11787.15,11787.15,30878.0,96.17,84.24,28664.36,32105.59,3441.23,12.01,C:\Users\DHANVISHLP\my-mlops-project\data\raw\generation\raw\2024\2025-03-08.pdf,True,
2025-03-08,2024-25,Southern,Total,68914.44,68904.44,339687.0,1026.49,965.6,316080.92,286034.84,-30046.08,-9.51,C:\Users\DHANVISHLP\my-mlops-project\data\raw\generation\raw\2024\2025-03-08.pdf,True,
2025-03-08,2024-25,Eastern,Thermal,37889.71,37889.71,275250.0,802.29,772.6,256568.51,244135.7,-12432.81,-4.85,C:\Users\DHANVISHLP\my-mlops-project\data\raw\generation\raw\2024\2025-03-08.pdf,True,
2025-03-08,2024-25,Eastern,Hydro,5987.75,5987.75,12220.0,20.67,23.0,11744.36,10735.32,-1009.04,-8.59,C:\Users\DHANVISHLP\my-mlops-project\data\raw\generation\raw\2024\2025-03-08.pdf,True,
2025-03-08,2024-25,Eastern,Total,43877.46,43877.46,287470.0,822.96,795.6,268312.87,254871.02,-13441.85,-5.01,C:\Users\DHANVISHLP\my-mlops-project\data\raw\generation\raw\2024\2025-03-08.pdf,True,
2025-03-08,2024-25,North Eastern,Thermal,2450.95,2450.95,15942.0,43.07,34.79,15029.12,12508.68,-2520.44,-16.77,C:\Users\DHANVISHLP\my-mlops-project\data\raw\generation\raw\2024\2025-03-08.pdf,True,
2025-03-08,2024-25,North Eastern,Hydro,2027.0,2027.0,7152.0,8.81,7.94,6949.48,7042.58,93.1,1.34,C:\Users\DHANVISHLP\my-mlops-project\data\raw\generation\raw\2024\2025-03-08.pdf,True,
2025-03-08,2024-25,North Eastern,Total,4477.95,4477.95,23094.0,51.88,42.73,21978.6,19551.26,-2427.34,-11.04,C:\Users\DHANVISHLP\my-mlops-project\data\raw\generation\raw\2024\2025-03-08.pdf,True,
2025-03-08,2024-25,ALL INDIA,Thermal,246560.42,246550.42,1444943.0,4048.47,4098.97,1349392.66,1272065.21,-77327.45,-5.73,C:\Users\DHANVISHLP\my-mlops-project\data\raw\generation\raw\2024\2025-03-08.pdf,True,
2025-03-08,2024-25,ALL INDIA,Nuclear,8180.0,8180.0,55348.0,172.15,156.8,51387.2,53198.06,1810.86,3.52,C:\Users\DHANVISHLP\my-mlops-project\data\raw\generation\raw\2024\2025-03-08.pdf,True,
2025-03-08,2024-25,ALL INDIA,Hydro,46968.17,46968.17,147709.0,305.54,274.57,140679.32,142014.48,1335.16,0.95,C:\Users\DHANVISHLP\my-mlops-project\data\raw\generation\raw\2024\2025-03-08.pdf,True,
2025-03-08,2024-25,ALL INDIA,Bhutan Imp,,,8000.0,12.34,1.68,7715.72,5377.7,-2338.02,-30.3,C:\Users\DHANVISHLP\my-mlops-project\data\raw\generation\raw\2024\2025-03-08.pdf,True,
2025-03-08,2024-25,ALL INDIA,R.E.S,165202.2,,,,,,,,,C:\Users\DHANVISHLP\my-mlops-project\data\raw\generation\raw\2024\2025-03-08.pdf,True,
2025-03-08,2024-25,ALL INDIA,Total,466910.79,301698.59,1656000.0,4538.5,4532.02,1549174.9,1472655.45,-76519.45,-4.94,C:\Users\DHANVISHLP\my-mlops-project\data\raw\generation\raw\2024\2025-03-08.pdf,True,
2025-03-09,2024-25,Northern,Thermal,55159.96,55159.96,322361.0,829.57,853.77,302811.37,279169.95,-23641.42,-7.81,C:\Users\DHANVISHLP\my-mlops-project\data\raw\generation\raw\2024\2025-03-09.pdf,True,
2025-03-09,2024-25,Northern,Nuclear,1620.0,1620.0,10793.0,35.12,20.44,10020.08,10528.71,508.63,5.08,C:\Users\DHANVISHLP\my-mlops-project\data\raw\generation\raw\2024\2025-03-09.pdf,True,
2025-03-09,2024-25,Northern,Hydro,19774.27,19774.27,80886.0,141.34,116.88,77776.06,73632.23,-4143.83,-5.33,C:\Users\DHANVISHLP\my-mlops-project\data\raw\generation\raw\2024\2025-03-09.pdf,True,
2025-03-09,2024-25,Northern,Total,76554.23,76554.23,414040.0,1006.03,991.09,390607.51,363330.89,-27276.62,-6.98,C:\Users\DHANVISHLP\my-mlops-project\data\raw\generation\raw\2024\2025-03-09.pdf,True,
2025-03-09,2024-25,Western,Thermal,97252.5,97252.5,544560.0,1505.83,1563.84,510334.42,507870.49,-2463.93,-0.48,C:\Users\DHANVISHLP\my-mlops-project\data\raw\generation\raw\2024\2025-03-09.pdf,True,
2025-03-09,2024-25,Western,Nuclear,3240.0,3240.0,22576.0,69.79,60.06,21040.11,19618.6,-1421.51,-6.76,C:\Users\DHANVISHLP\my-mlops-project\data\raw\generation\raw\2024\2025-03-09.pdf,True,
2025-03-09,2024-25,Western,Hydro,7392.0,7392.0,16573.0,38.55,41.73,15724.95,18657.37,2932.42,18.65,C:\Users\DHANVISHLP\my-mlops-project\data\raw\generation\raw\2024\2025-03-09.pdf,True,
2025-03-09,2024-25,Western,Total,107884.5,107884.5,583709.0,1614.17,1665.63,547099.48,546146.46,-953.02,-0.17,C:\Users\DHANVISHLP\my-mlops-project\data\raw\generation\raw\2024\2025-03-09.pdf,True,
2025-03-09,2024-25,Southern,Thermal,53807.29,53797.29,286830.0,863.08,781.43,267847.72,231583.32,-36264.4,-13.54,C:\Users\DHANVISHLP\my-mlops-project\data\raw\generation\raw\2024\2025-03-09.pdf,True,
2025-03-09,2024-25,Southern,Nuclear,3320.0,3320.0,21979.0,67.24,75.4,20499.16,23206.65,2707.49,13.21,C:\Users\DHANVISHLP\my-mlops-project\data\raw\generation\raw\2024\2025-03-09.pdf,True,
2025-03-09,2024-25,Southern,Hydro,11787.15,11787.15,30878.0,96.17,70.62,28760.53,32176.21,3415.68,11.88,C:\Users\DHANVISHLP\my-mlops-project\data\raw\generation\raw\2024\2025-03-09.pdf,True,
2025-03-09,2024-25,Southern,Total,68914.44,68904.44,339687.0,1026.49,927.45,317107.41,286966.18,-30141.23,-9.51,C:\Users\DHANVISHLP\my-mlops-project\data\raw\generation\raw\2024\2025-03-09.pdf,True,
2025-03-09,2024-25,Eastern,Thermal,37889.71,37889.71,275250.0,802.29,758.01,257370.8,244893.71,-12477.09,-4.85,C:\Users\DHANVISHLP\my-mlops-project\data\raw\generation\raw\2024\2025-03-09.pdf,True,
2025-03-09,2024-25,Eastern,Hydro,5987.75,5987.75,12220.0,20.67,21.49,11765.03,10756.81,-1008.22,-8.57,C:\Users\DHANVISHLP\my-mlops-project\data\raw\generation\raw\2024\2025-03-09.pdf,True,
2025-03-09,2024-25,Eastern,Total,43877.46,43877.46,287470.0,822.96,779.5,269135.83,255650.52,-13485.31,-5.01,C:\Users\DHANVISHLP\my-mlops-project\data\raw\generation\raw\2024\2025-03-09.pdf,True,
2025-03-09,2024-25,North Eastern,Thermal,2450.95,2450.95,15942.0,43.07,34.43,15072.19,12543.11,-2529.08,-16.78,C:\Users\DHANVISHLP\my-mlops-project\data\raw\generation\raw\2024\2025-03-09.pdf,True,
2025-03-09,2024-25,North Eastern,Hydro,2027.0,2027.0,7152.0,8.81,6.61,6958.29,7049.19,90.9,1.31,C:\Users\DHANVISHLP\my-mlops-project\data\raw\generation\raw\2024\2025-03-09.pdf,True,
2025-03-09,2024-25,North Eastern,Total,4477.95,4477.95,23094.0,51.88,41.04,22030.48,19592.3,-2438.18,-11.07,C:\Users\DHANVISHLP\my-mlops-project\data\raw\generation\raw\2024\2025-03-09.pdf,True,
2025-03-09,2024-25,ALL INDIA,Thermal,246560.42,246550.42,1444943.0,4043.84,3991.48,1353436.5,1276060.58,-77375.92,-5.72,C:\Users\DHANVISHLP\my-mlops-project\data\raw\generation\raw\2024\2025-03-09.pdf,True,
2025-03-09,2024-25,ALL INDIA,Nuclear,8180.0,8180.0,55348.0,172.15,155.9,51559.35,53353.96,1794.61,3.48,C:\Users\DHANVISHLP\my-mlops-project\data\raw\generation\raw\2024\2025-03-09.pdf,True,
2025-03-09,2024-25,ALL INDIA,Hydro,46968.17,46968.17,147709.0,305.54,257.33,140984.86,142271.81,1286.95,0.91,C:\Users\DHANVISHLP\my-mlops-project\data\raw\generation\raw\2024\2025-03-09.pdf,True,
2025-03-09,2024-25,ALL INDIA,Bhutan Imp,,,8000.0,12.34,1.45,7728.06,5379.15,-2348.91,-30.39,C:\Users\DHANVISHLP\my-mlops-project\data\raw\generation\raw\2024\2025-03-09.pdf,True,
2025-03-09,2024-25,ALL INDIA,R.E.S,165202.2,,,,,,,,,C:\Users\DHANVISHLP\my-mlops-project\data\raw\generation\raw\2024\2025-03-09.pdf,True,
2025-03-09,2024-25,ALL INDIA,Total,466910.79,301698.59,1656000.0,4533.87,4406.16,1553708.77,1477065.5,-76643.27,-4.93,C:\Users\DHANVISHLP\my-mlops-project\data\raw\generation\raw\2024\2025-03-09.pdf,True,
2025-03-10,2024-25,Northern,Thermal,55159.96,55159.96,322361.0,829.57,835.76,303640.94,280005.71,-23635.23,-7.78,C:\Users\DHANVISHLP\my-mlops-project\data\raw\generation\raw\2024\2025-03-10.pdf,True,
2025-03-10,2024-25,Northern,Nuclear,1620.0,1620.0,10793.0,35.12,20.64,10055.2,10549.35,494.15,4.91,C:\Users\DHANVISHLP\my-mlops-project\data\raw\generation\raw\2024\2025-03-10.pdf,True,
2025-03-10,2024-25,Northern,Hydro,19774.27,19774.27,80886.0,141.34,118.49,77917.4,73750.72,-4166.68,-5.35,C:\Users\DHANVISHLP\my-mlops-project\data\raw\generation\raw\2024\2025-03-10.pdf,True,
2025-03-10,2024-25,Northern,Total,76554.23,76554.23,414040.0,1006.03,974.89,391613.54,364305.78,-27307.76,-6.97,C:\Users\DHANVISHLP\my-mlops-project\data\raw\generation\raw\2024\2025-03-10.pdf,True,
2025-03-10,2024-25,Western,Thermal,97252.5,97252.5,544560.0,1505.83,1613.48,511840.25,509483.97,-2356.28,-0.46,C:\Users\DHANVISHLP\my-mlops-project\data\raw\generation\raw\2024\2025-03-10.pdf,True,
2025-03-10,2024-25,Western,Nuclear,3240.0,3240.0,22576.0,69.79,64.27,21109.9,19682.87,-1427.03,-6.76,C:\Users\DHANVISHLP\my-mlops-project\data\raw\generation\raw\2024\2025-03-10.pdf,True,
2025-03-10,2024-25,Western,Hydro,7392.0,7392.0,16573.0,38.55,45.39,15763.5,18702.76,2939.26,18.65,C:\Users\DHANVISHLP\my-mlops-project\data\raw\generation\raw\2024\2025-03-10.pdf,True,
2025-03-10,2024-25,Western,Total,107884.5,107884.5,583709.0,1614.17,1723.14,548713.65,547869.6,-844.05,-0.15,C:\Users\DHANVISHLP\my-mlops-project\data\raw\generation\raw\2024\2025-03-10.pdf,True,
2025-03-10,2024-25,Southern,Thermal,53807.29,53797.29,286830.0,863.08,801.07,268710.8,232384.39,-36326.41,-13.52,C:\Users\DHANVISHLP\my-mlops-project\data\raw\generation\raw\2024\2025-03-10.pdf,True,
2025-03-10,2024-25,Southern,Nuclear,3320.0,3320.0,21979.0,67.24,76.28,20566.4,23282.93,2716.53,13.21,C:\Users\DHANVISHLP\my-mlops-project\data\raw\generation\raw\2024\2025-03-10.pdf,True,
2025-03-10,2024-25,Southern,Hydro,11787.15,11787.15,30878.0,96.17,67.69,28856.7,32243.9,3387.2,11.74,C:\Users\DHANVISHLP\my-mlops-project\data\raw\generation\raw\2024\2025-03-10.pdf,True,
2025-03-10,2024-25,Southern,Total,68914.44,68904.44,339687.0,1026.49,945.04,318133.9,287911.22,-30222.68,-9.5,C:\Users\DHANVISHLP\my-mlops-project\data\raw\generation\raw\2024\2025-03-10.pdf,True,
2025-03-10,2024-25,Eastern,Thermal,37889.71,37889.71,275250.0,802.29,778.83,258173.09,245672.54,-12500.55,-4.84,C:\Users\DHANVISHLP\my-mlops-project\data\raw\generation\raw\2024\2025-03-10.pdf,True,
2025-03-10,2024-25,Eastern,Hydro,5987.75,5987.75,12220.0,20.67,20.95,11785.7,10777.76,-1007.94,-8.55,C:\Users\DHANVISHLP\my-mlops-project\data\raw\generation\raw\2024\2025-03-10.pdf,True,
2025-03-10,2024-25,Eastern,Total,43877.46,43877.46,287470.0,822.96,799.78,269958.79,256450.3,-13508.49,-5.0,C:\Users\DHANVISHLP\my-mlops-project\data\raw\generation\raw\2024\2025-03-10.pdf,True,
2025-03-10,2024-25,North Eastern,Thermal,2450.95,2450.95,15942.0,37.96,34.3,15110.15,12577.41,-2532.74,-16.76,C:\Users\DHANVISHLP\my-mlops-project\data\raw\generation\raw\2024\2025-03-10.pdf,True,
2025-03-10,2024-25,North Eastern,Hydro,2027.0,2027.0,7152.0,8.81,7.83,6967.1,7057.02,89.92,1.29,C:\Users\DHANVISHLP\my-mlops-project\data\raw\generation\raw\2024\2025-03-10.pdf,True,
2025-03-10,2024-25,North Eastern,Total,4477.95,4477.95,23094.0,46.77,42.13,22077.25,19634.43,-2442.82,-11.06,C:\Users\DHANVISHLP\my-mlops-project\data\raw\generation\raw\2024\2025-03-10.pdf,True,
2025-03-10,2024-25,ALL INDIA,Thermal,246560.42,246550.42,1444943.0,4038.73,4063.44,1357475.23,1280124.02,-77351.21,-5.7,C:\Users\DHANVISHLP\my-mlops-project\data\raw\generation\raw\2024\2025-03-10.pdf,True,
2025-03-10,2024-25,ALL INDIA,Nuclear,8180.0,8180.0,55348.0,172.15,161.19,51731.5,53515.15,1783.65,3.45,C:\Users\DHANVISHLP\my-mlops-project\data\raw\generation\raw\2024\2025-03-10.pdf,True,
2025-03-10,2024-25,ALL INDIA,Hydro,46968.17,46968.17,147709.0,305.54,260.35,141290.4,142532.16,1241.76,0.88,C:\Users\DHANVISHLP\my-mlops-project\data\raw\generation\raw\2024\2025-03-10.pdf,True,
2025-03-10,2024-25,ALL INDIA,Bhutan Imp,,,8000.0,12.34,0.91,7740.4,5380.06,-2360.34,-30.49,C:\Users\DHANVISHLP\my-mlops-project\data\raw\generation\raw\2024\2025-03-10.pdf,True,
2025-03-10,2024-25,ALL INDIA,R.E.S,165202.2,,,,,,,,,C:\Users\DHANVISHLP\my-mlops-project\data\raw\generation\raw\2024\2025-03-10.pdf,True,
2025-03-10,2024-25,ALL INDIA,Total,466910.79,301698.59,1656000.0,4528.76,4485.89,1558237.53,1481551.39,-76686.14,-4.92,C:\Users\DHANVISHLP\my-mlops-project\data\raw\generation\raw\2024\2025-03-10.pdf,True,
2025-03-11,2024-25,Northern,Thermal,55159.96,55159.96,322361.0,844.67,875.43,304485.61,280881.14,-23604.47,-7.75,C:\Users\DHANVISHLP\my-mlops-project\data\raw\generation\raw\2024\2025-03-11.pdf,True,
2025-03-11,2024-25,Northern,Nuclear,1620.0,1620.0,10793.0,35.12,20.47,10090.32,10569.82,479.5,4.75,C:\Users\DHANVISHLP\my-mlops-project\data\raw\generation\raw\2024\2025-03-11.pdf,True,
2025-03-11,2024-25,Northern,Hydro,19774.27,19774.27,80886.0,141.34,121.53,78058.74,73872.25,-4186.49,-5.36,C:\Users\DHANVISHLP\my-mlops-project\data\raw\generation\raw\2024\2025-03-11.pdf,True,
2025-03-11,2024-25,Northern,Total,76554.23,76554.23,414040.0,1021.13,1017.43,392634.67,365323.21,-27311.46,-6.96,C:\Users\DHANVISHLP\my-mlops-project\data\raw\generation\raw\2024\2025-03-11.pdf,True,
2025-03-11,2024-25,Western,Thermal,97252.5,97252.5,544560.0,1517.64,1662.09,513357.89,511146.06,-2211.83,-0.43,C:\Users\DHANVISHLP\my-mlops-project\data\raw\generation\raw\2024\2025-03-11.pdf,True,
2025-03-11,2024-25,Western,Nuclear,3240.0,3240.0,22576.0,69.79,59.88,21179.69,19742.75,-1436.94,-6.78,C:\Users\DHANVISHLP\my-mlops-project\data\raw\generation\raw\2024\2025-03-11.pdf,True,
2025-03-11,2024-25,Western,Hydro,7392.0,7392.0,16573.0,38.55,44.34,15802.05,18747.1,2945.05,18.64,C:\Users\DHANVISHLP\my-mlops-project\data\raw\generation\raw\2024\2025-03-11.pdf,True,
2025-03-11,2024-25,Western,Total,107884.5,107884.5,583709.0,1625.98,1766.31,550339.63,549635.91,-703.72,-0.13,C:\Users\DHANVISHLP\my-mlops-project\data\raw\generation\raw\2024\2025-03-11.pdf,True,
2025-03-11,2024-25,Southern,Thermal,54177.34,54167.35,286830.0,863.08,802.74,269573.88,233187.13,-36386.75,-13.5,C:\Users\DHANVISHLP\my-mlops-project\data\raw\generation\raw\2024\2025-03-11.pdf,True,
2025-03-11,2024-25,Southern,Nuclear,3320.0,3320.0,21979.0,67.24,76.24,20633.64,23359.17,2725.53,13.21,C:\Users\DHANVISHLP\my-mlops-project\data\raw\generation\raw\2024\2025-03-11.pdf,True,
2025-03-11,2024-25,Southern,Hydro,11787.15,11787.15,30878.0,96.17,76.91,28952.87,32320.81,3367.94,11.63,C:\Users\DHANVISHLP\my-mlops-project\data\raw\generation\raw\2024\2025-03-11.pdf,True,
2025-03-11,2024-25,Southern,Total,69284.49,69274.5,339687.0,1026.49,955.89,319160.39,288867.11,-30293.28,-9.49,C:\Users\DHANVISHLP\my-mlops-project\data\raw\generation\raw\2024\2025-03-11.pdf,True,
2025-03-11,2024-25,Eastern,Thermal,37889.71,37889.71,275250.0,802.29,771.03,258975.38,246443.57,-12531.81,-4.84,C:\Users\DHANVISHLP\my-mlops-project\data\raw\generation\raw\2024\2025-03-11.pdf,True,
2025-03-11,2024-25,Eastern,Hydro,5987.75,5987.75,12220.0,20.67,21.82,11806.37,10799.58,-1006.79,-8.53,C:\Users\DHANVISHLP\my-mlops-project\data\raw\generation\raw\2024\2025-03-11.pdf,True,
2025-03-11,2024-25,Eastern,Total,43877.46,43877.46,287470.0,822.96,792.85,270781.75,257243.15,-13538.6,-5.0,C:\Users\DHANVISHLP\my-mlops-project\data\raw\generation\raw\2024\2025-03-11.pdf,True,
2025-03-11,2024-25,North Eastern,Thermal,2450.95,2450.96,15942.0,37.96,35.76,15148.11,12613.17,-2534.94,-16.73,C:\Users\DHANVISHLP\my-mlops-project\data\raw\generation\raw\2024\2025-03-11.pdf,True,
2025-03-11,2024-25,North Eastern,Hydro,2027.0,2027.0,7152.0,8.81,8.68,6975.91,7065.7,89.79,1.29,C:\Users\DHANVISHLP\my-mlops-project\data\raw\generation\raw\2024\2025-03-11.pdf,True,
2025-03-11,2024-25,North Eastern,Total,4477.95,4477.96,23094.0,46.77,44.44,22124.02,19678.87,-2445.15,-11.05,C:\Users\DHANVISHLP\my-mlops-project\data\raw\generation\raw\2024\2025-03-11.pdf,True,
2025-03-11,2024-25,ALL INDIA,Thermal,246930.47,246920.47,1444943.0,4065.64,4147.05,1361540.87,1284271.07,-77269.8,-5.68,C:\Users\DHANVISHLP\my-mlops-project\data\raw\generation\raw\2024\2025-03-11.pdf,True,
2025-03-11,2024-25,ALL INDIA,Nuclear,8180.0,8180.0,55348.0,172.15,156.59,51903.65,53671.74,1768.09,3.41,C:\Users\DHANVISHLP\my-mlops-project\data\raw\generation\raw\2024\2025-03-11.pdf,True,
2025-03-11,2024-25,ALL INDIA,Hydro,46968.17,46968.17,147709.0,305.54,273.28,141595.94,142805.44,1209.5,0.85,C:\Users\DHANVISHLP\my-mlops-project\data\raw\generation\raw\2024\2025-03-11.pdf,True,
2025-03-11,2024-25,ALL INDIA,Bhutan Imp,,,8000.0,12.34,0.58,7752.74,5380.64,-2372.1,-30.6,C:\Users\DHANVISHLP\my-mlops-project\data\raw\generation\raw\2024\2025-03-11.pdf,True,
2025-03-11,2024-25,ALL INDIA,R.E.S,165202.2,,,,,,,,,C:\Users\DHANVISHLP\my-mlops-project\data\raw\generation\raw\2024\2025-03-11.pdf,True,
2025-03-11,2024-25,ALL INDIA,Total,467280.84,302068.64,1656000.0,4555.67,4577.5,1562793.2,1486128.89,-76664.31,-4.91,C:\Users\DHANVISHLP\my-mlops-project\data\raw\generation\raw\2024\2025-03-11.pdf,True,
2025-03-12,2024-25,Northern,Thermal,55819.96,55819.96,322361.0,844.67,892.82,305330.28,281773.96,-23556.32,-7.72,C:\Users\DHANVISHLP\my-mlops-project\data\raw\generation\raw\2024\2025-03-12.pdf,True,
2025-03-12,2024-25,Northern,Nuclear,1620.0,1620.0,10793.0,35.12,20.56,10125.44,10590.38,464.94,4.59,C:\Users\DHANVISHLP\my-mlops-project\data\raw\generation\raw\2024\2025-03-12.pdf,True,
2025-03-12,2024-25,Northern,Hydro,19774.27,19774.27,80886.0,141.34,122.06,78200.08,73994.31,-4205.77,-5.38,C:\Users\DHANVISHLP\my-mlops-project\data\raw\generation\raw\2024\2025-03-12.pdf,True,
2025-03-12,2024-25,Northern,Total,77214.23,77214.23,414040.0,1021.13,1035.44,393655.8,366358.65,-27297.15,-6.93,C:\Users\DHANVISHLP\my-mlops-project\data\raw\generation\raw\2024\2025-03-12.pdf,True,
2025-03-12,2024-25,Western,Thermal,97252.5,97252.5,544560.0,1548.24,1639.15,514906.13,512785.21,-2120.92,-0.41,C:\Users\DHANVISHLP\my-mlops-project\data\raw\generation\raw\2024\2025-03-12.pdf,True,
2025-03-12,2024-25,Western,Nuclear,3240.0,3240.0,22576.0,69.79,45.26,21249.48,19788.01,-1461.47,-6.88,C:\Users\DHANVISHLP\my-mlops-project\data\raw\generation\raw\2024\2025-03-12.pdf,True,
2025-03-12,2024-25,Western,Hydro,7392.0,7392.0,16573.0,38.55,61.92,15840.6,18809.02,2968.42,18.74,C:\Users\DHANVISHLP\my-mlops-project\data\raw\generation\raw\2024\2025-03-12.pdf,True,
2025-03-12,2024-25,Western,Total,107884.5,107884.5,583709.0,1656.58,1746.33,551996.21,551382.24,-613.97,-0.11,C:\Users\DHANVISHLP\my-mlops-project\data\raw\generation\raw\2024\2025-03-12.pdf,True,
2025-03-12,2024-25,Southern,Thermal,54177.34,54167.35,286830.0,863.08,801.13,270436.96,233988.26,-36448.7,-13.48,C:\Users\DHANVISHLP\my-mlops-project\data\raw\generation\raw\2024\2025-03-12.pdf,True,
2025-03-12,2024-25,Southern,Nuclear,3320.0,3320.0,21979.0,67.24,76.1,20700.88,23435.27,2734.39,13.21,C:\Users\DHANVISHLP\my-mlops-project\data\raw\generation\raw\2024\2025-03-12.pdf,True,
2025-03-12,2024-25,Southern,Hydro,11787.15,11787.15,30878.0,96.17,78.01,29049.04,32398.82,3349.78,11.53,C:\Users\DHANVISHLP\my-mlops-project\data\raw\generation\raw\2024\2025-03-12.pdf,True,
2025-03-12,2024-25,Southern,Total,69284.49,69274.5,339687.0,1026.49,955.24,320186.88,289822.35,-30364.53,-9.48,C:\Users\DHANVISHLP\my-mlops-project\data\raw\generation\raw\2024\2025-03-12.pdf,True,
2025-03-12,2024-25,Eastern,Thermal,37889.71,37889.71,275250.0,807.09,776.9,259782.47,247220.47,-12562.0,-4.84,C:\Users\DHANVISHLP\my-mlops-project\data\raw\generation\raw\2024\2025-03-12.pdf,True,
2025-03-12,2024-25,Eastern,Hydro,5987.75,5987.75,12220.0,20.67,21.02,11827.04,10820.6,-1006.44,-8.51,C:\Users\DHANVISHLP\my-mlops-project\data\raw\generation\raw\2024\2025-03-12.pdf,True,
2025-03-12,2024-25,Eastern,Total,43877.46,43877.46,287470.0,827.76,797.92,271609.51,258041.07,-13568.44,-5.0,C:\Users\DHANVISHLP\my-mlops-project\data\raw\generation\raw\2024\2025-03-12.pdf,True,
2025-03-12,2024-25,North Eastern,Thermal,2450.95,2450.96,15942.0,37.96,34.89,15186.07,12648.06,-2538.01,-16.71,C:\Users\DHANVISHLP\my-mlops-project\data\raw\generation\raw\2024\2025-03-12.pdf,True,
2025-03-12,2024-25,North Eastern,Hydro,2027.0,2027.0,7152.0,8.81,9.7,6984.72,7075.4,90.68,1.3,C:\Users\DHANVISHLP\my-mlops-project\data\raw\generation\raw\2024\2025-03-12.pdf,True,
2025-03-12,2024-25,North Eastern,Total,4477.95,4477.96,23094.0,46.77,44.59,22170.79,19723.46,-2447.33,-11.04,C:\Users\DHANVISHLP\my-mlops-project\data\raw\generation\raw\2024\2025-03-12.pdf,True,
2025-03-12,2024-25,ALL INDIA,Thermal,247590.47,247580.47,1444943.0,4101.04,4144.89,1365641.91,1288415.96,-77225.95,-5.65,C:\Users\DHANVISHLP\my-mlops-project\data\raw\generation\raw\2024\2025-03-12.pdf,True,
2025-03-12,2024-25,ALL INDIA,Nuclear,8180.0,8180.0,55348.0,172.15,141.92,52075.8,53813.66,1737.86,3.34,C:\Users\DHANVISHLP\my-mlops-project\data\raw\generation\raw\2024\2025-03-12.pdf,True,
2025-03-12,2024-25,ALL INDIA,Hydro,46968.17,46968.17,147709.0,305.54,292.71,141901.48,143098.15,1196.67,0.84,C:\Users\DHANVISHLP\my-mlops-project\data\raw\generation\raw\2024\2025-03-12.pdf,True,
2025-03-12,2024-25,ALL INDIA,Bhutan Imp,,,8000.0,12.34,0.0,7765.08,5380.64,-2384.44,-30.71,C:\Users\DHANVISHLP\my-mlops-project\data\raw\generation\raw\2024\2025-03-12.pdf,True,
2025-03-12,2024-25,ALL INDIA,R.E.S,165202.2,,,,,,,,,C:\Users\DHANVISHLP\my-mlops-project\data\raw\generation\raw\2024\2025-03-12.pdf,True,
2025-03-12,2024-25,ALL INDIA,Total,467940.84,302728.64,1656000.0,4591.07,4579.52,1567384.27,1490708.41,-76675.86,-4.89,C:\Users\DHANVISHLP\my-mlops-project\data\raw\generation\raw\2024\2025-03-12.pdf,True,
2025-03-13,2024-25,Northern,Thermal,55819.96,55819.96,322361.0,844.67,834.56,306174.95,282608.52,-23566.43,-7.7,C:\Users\DHANVISHLP\my-mlops-project\data\raw\generation\raw\2024\2025-03-13.pdf,True,
2025-03-13,2024-25,Northern,Nuclear,1620.0,1620.0,10793.0,35.12,20.5,10160.56,10610.88,450.32,4.43,C:\Users\DHANVISHLP\my-mlops-project\data\raw\generation\raw\2024\2025-03-13.pdf,True,
2025-03-13,2024-25,Northern,Hydro,19774.27,19774.27,80886.0,141.34,128.86,78341.42,74123.17,-4218.25,-5.38,C:\Users\DHANVISHLP\my-mlops-project\data\raw\generation\raw\2024\2025-03-13.pdf,True,
2025-03-13,2024-25,Northern,Total,77214.23,77214.23,414040.0,1021.13,983.92,394676.93,367342.57,-27334.36,-6.93,C:\Users\DHANVISHLP\my-mlops-project\data\raw\generation\raw\2024\2025-03-13.pdf,True,
2025-03-13,2024-25,Western,Thermal,97252.5,97252.5,544560.0,1558.97,1621.95,516465.1,514407.16,-2057.94,-0.4,C:\Users\DHANVISHLP\my-mlops-project\data\raw\generation\raw\2024\2025-03-13.pdf,True,
2025-03-13,2024-25,Western,Nuclear,3240.0,3240.0,22576.0,69.79,24.34,21319.27,19812.35,-1506.92,-7.07,C:\Users\DHANVISHLP\my-mlops-project\data\raw\generation\raw\2024\2025-03-13.pdf,True,
2025-03-13,2024-25,Western,Hydro,7392.0,7392.0,16573.0,38.55,48.44,15879.15,18857.46,2978.31,18.76,C:\Users\DHANVISHLP\my-mlops-project\data\raw\generation\raw\2024\2025-03-13.pdf,True,
2025-03-13,2024-25,Western,Total,107884.5,107884.5,583709.0,1667.31,1694.73,553663.52,553076.97,-586.55,-0.11,C:\Users\DHANVISHLP\my-mlops-project\data\raw\generation\raw\2024\2025-03-13.pdf,True,
2025-03-13,2024-25,Southern,Thermal,54177.34,54167.35,286830.0,863.08,786.29,271300.04,234774.55,-36525.49,-13.46,C:\Users\DHANVISHLP\my-mlops-project\data\raw\generation\raw\2024\2025-03-13.pdf,True,
2025-03-13,2024-25,Southern,Nuclear,3320.0,3320.0,21979.0,67.24,72.71,20768.12,23507.98,2739.86,13.19,C:\Users\DHANVISHLP\my-mlops-project\data\raw\generation\raw\2024\2025-03-13.pdf,True,
2025-03-13,2024-25,Southern,Hydro,11787.15,11787.15,30878.0,96.17,75.25,29145.21,32474.07,3328.86,11.42,C:\Users\DHANVISHLP\my-mlops-project\data\raw\generation\raw\2024\2025-03-13.pdf,True,
2025-03-13,2024-25,Southern,Total,69284.49,69274.5,339687.0,1026.49,934.25,321213.37,290756.6,-30456.77,-9.48,C:\Users\DHANVISHLP\my-mlops-project\data\raw\generation\raw\2024\2025-03-13.pdf,True,
2025-03-13,2024-25,Eastern,Thermal,37889.71,37889.71,275250.0,810.71,781.57,260593.18,248002.04,-12591.14,-4.83,C:\Users\DHANVISHLP\my-mlops-project\data\raw\generation\raw\2024\2025-03-13.pdf,True,
2025-03-13,2024-25,Eastern,Hydro,5987.75,5987.75,12220.0,20.67,20.8,11847.71,10841.4,-1006.31,-8.49,C:\Users\DHANVISHLP\my-mlops-project\data\raw\generation\raw\2024\2025-03-13.pdf,True,
2025-03-13,2024-25,Eastern,Total,43877.46,43877.46,287470.0,831.38,802.37,272440.89,258843.44,-13597.45,-4.99,C:\Users\DHANVISHLP\my-mlops-project\data\raw\generation\raw\2024\2025-03-13.pdf,True,
2025-03-13,2024-25,North Eastern,Thermal,2450.95,2450.96,15942.0,37.96,33.55,15224.03,12681.61,-2542.42,-16.7,C:\Users\DHANVISHLP\my-mlops-project\data\raw\generation\raw\2024\2025-03-13.pdf,True,
2025-03-13,2024-25,North Eastern,Hydro,2027.0,2027.0,7152.0,8.81,7.49,6993.53,7082.89,89.36,1.28,C:\Users\DHANVISHLP\my-mlops-project\data\raw\generation\raw\2024\2025-03-13.pdf,True,
2025-03-13,2024-25,North Eastern,Total,4477.95,4477.96,23094.0,46.77,41.04,22217.56,19764.5,-2453.06,-11.04,C:\Users\DHANVISHLP\my-mlops-project\data\raw\generation\raw\2024\2025-03-13.pdf,True,
2025-03-13,2024-25,ALL INDIA,Thermal,247590.47,247580.47,1444943.0,4115.39,4057.92,1369757.3,1292473.88,-77283.42,-5.64,C:\Users\DHANVISHLP\my-mlops-project\data\raw\generation\raw\2024\2025-03-13.pdf,True,
2025-03-13,2024-25,ALL INDIA,Nuclear,8180.0,8180.0,55348.0,172.15,117.55,52247.95,53931.21,1683.26,3.22,C:\Users\DHANVISHLP\my-mlops-project\data\raw\generation\raw\2024\2025-03-13.pdf,True,
2025-03-13,2024-25,ALL INDIA,Hydro,46968.17,46968.17,147709.0,305.54,280.84,142207.02,143378.99,1171.97,0.82,C:\Users\DHANVISHLP\my-mlops-project\data\raw\generation\raw\2024\2025-03-13.pdf,True,
2025-03-13,2024-25,ALL INDIA,Bhutan Imp,,,8000.0,12.34,1.47,7777.42,5382.11,-2395.31,-30.8,C:\Users\DHANVISHLP\my-mlops-project\data\raw\generation\raw\2024\2025-03-13.pdf,True,
2025-03-13,2024-25,ALL INDIA,R.E.S,165202.2,,,,,,,,,C:\Users\DHANVISHLP\my-mlops-project\data\raw\generation\raw\2024\2025-03-13.pdf,True,
2025-03-13,2024-25,ALL INDIA,Total,467940.84,302728.64,1656000.0,4605.42,4457.78,1571989.69,1495166.19,-76823.5,-4.89,C:\Users\DHANVISHLP\my-mlops-project\data\raw\generation\raw\2024\2025-03-13.pdf,True,
2025-03-14,2024-25,Northern,Thermal,55819.96,55819.96,322361.0,858.99,701.58,307033.94,283310.1,-23723.84,-7.73,C:\Users\DHANVISHLP\my-mlops-project\data\raw\generation\raw\2024\2025-03-14.pdf,True,
2025-03-14,2024-25,Northern,Nuclear,1620.0,1620.0,10793.0,35.12,20.5,10195.68,10631.38,435.7,4.27,C:\Users\DHANVISHLP\my-mlops-project\data\raw\generation\raw\2024\2025-03-14.pdf,True,
2025-03-14,2024-25,Northern,Hydro,19774.27,19774.27,80886.0,141.34,122.94,78482.76,74246.11,-4236.65,-5.4,C:\Users\DHANVISHLP\my-mlops-project\data\raw\generation\raw\2024\2025-03-14.pdf,True,
2025-03-14,2024-25,Northern,Total,77214.23,77214.23,414040.0,1035.45,845.02,395712.38,368187.59,-27524.79,-6.96,C:\Users\DHANVISHLP\my-mlops-project\data\raw\generation\raw\2024\2025-03-14.pdf,True,
2025-03-14,2024-25,Western,Thermal,97252.5,97252.5,544560.0,1558.58,1430.32,518023.68,515837.48,-2186.2,-0.42,C:\Users\DHANVISHLP\my-mlops-project\data\raw\generation\raw\2024\2025-03-14.pdf,True,
2025-03-14,2024-25,Western,Nuclear,3240.0,3240.0,22576.0,69.79,28.12,21389.06,19840.47,-1548.59,-7.24,C:\Users\DHANVISHLP\my-mlops-project\data\raw\generation\raw\2024\2025-03-14.pdf,True,
2025-03-14,2024-25,Western,Hydro,7392.0,7392.0,16573.0,38.55,32.63,15917.7,18890.09,2972.39,18.67,C:\Users\DHANVISHLP\my-mlops-project\data\raw\generation\raw\2024\2025-03-14.pdf,True,
2025-03-14,2024-25,Western,Total,107884.5,107884.5,583709.0,1666.92,1491.07,555330.44,554568.04,-762.4,-0.14,C:\Users\DHANVISHLP\my-mlops-project\data\raw\generation\raw\2024\2025-03-14.pdf,True,
2025-03-14,2024-25,Southern,Thermal,54177.34,54167.35,286830.0,863.08,723.93,272163.12,235498.48,-36664.64,-13.47,C:\Users\DHANVISHLP\my-mlops-project\data\raw\generation\raw\2024\2025-03-14.pdf,True,
2025-03-14,2024-25,Southern,Nuclear,3320.0,3320.0,21979.0,67.24,66.32,20835.36,23574.3,2738.94,13.15,C:\Users\DHANVISHLP\my-mlops-project\data\raw\generation\raw\2024\2025-03-14.pdf,True,
2025-03-14,2024-25,Southern,Hydro,11787.15,11787.15,30878.0,96.17,65.32,29241.38,32539.39,3298.01,11.28,C:\Users\DHANVISHLP\my-mlops-project\data\raw\generation\raw\2024\2025-03-14.pdf,True,
2025-03-14,2024-25,Southern,Total,69284.49,69274.5,339687.0,1026.49,855.57,322239.86,291612.17,-30627.69,-9.5,C:\Users\DHANVISHLP\my-mlops-project\data\raw\generation\raw\2024\2025-03-14.pdf,True,
2025-03-14,2024-25,Eastern,Thermal,37889.71,37889.71,275250.0,814.32,721.82,261407.5,248723.86,-12683.64,-4.85,C:\Users\DHANVISHLP\my-mlops-project\data\raw\generation\raw\2024\2025-03-14.pdf,True,
2025-03-14,2024-25,Eastern,Hydro,5987.75,5987.75,12220.0,20.67,15.17,11868.38,10856.57,-1011.81,-8.53,C:\Users\DHANVISHLP\my-mlops-project\data\raw\generation\raw\2024\2025-03-14.pdf,True,
2025-03-14,2024-25,Eastern,Total,43877.46,43877.46,287470.0,834.99,736.99,273275.88,259580.43,-13695.45,-5.01,C:\Users\DHANVISHLP\my-mlops-project\data\raw\generation\raw\2024\2025-03-14.pdf,True,
2025-03-14,2024-25,North Eastern,Thermal,2450.95,2450.96,15942.0,37.96,31.89,15261.99,12713.5,-2548.49,-16.7,C:\Users\DHANVISHLP\my-mlops-project\data\raw\generation\raw\2024\2025-03-14.pdf,True,
2025-03-14,2024-25,North Eastern,Hydro,2027.0,2027.0,7152.0,8.81,9.54,7002.34,7092.43,90.09,1.29,C:\Users\DHANVISHLP\my-mlops-project\data\raw\generation\raw\2024\2025-03-14.pdf,True,
2025-03-14,2024-25,North Eastern,Total,4477.95,4477.96,23094.0,46.77,41.43,22264.33,19805.93,-2458.4,-11.04,C:\Users\DHANVISHLP\my-mlops-project\data\raw\generation\raw\2024\2025-03-14.pdf,True,
2025-03-14,2024-25,ALL INDIA,Thermal,247590.47,247580.47,1444943.0,4132.93,3609.54,1373890.23,1296083.42,-77806.81,-5.66,C:\Users\DHANVISHLP\my-mlops-project\data\raw\generation\raw\2024\2025-03-14.pdf,True,
2025-03-14,2024-25,ALL INDIA,Nuclear,8180.0,8180.0,55348.0,172.15,114.94,52420.1,54046.15,1626.05,3.1,C:\Users\DHANVISHLP\my-mlops-project\data\raw\generation\raw\2024\2025-03-14.pdf,True,
2025-03-14,2024-25,ALL INDIA,Hydro,46968.17,46968.17,147709.0,305.54,245.6,142512.56,143624.59,1112.03,0.78,C:\Users\DHANVISHLP\my-mlops-project\data\raw\generation\raw\2024\2025-03-14.pdf,True,
2025-03-14,2024-25,ALL INDIA,Bhutan Imp,,,8000.0,12.34,2.88,7789.76,5384.99,-2404.77,-30.87,C:\Users\DHANVISHLP\my-mlops-project\data\raw\generation\raw\2024\2025-03-14.pdf,True,
2025-03-14,2024-25,ALL INDIA,R.E.S,165202.2,,,,,,,,,C:\Users\DHANVISHLP\my-mlops-project\data\raw\generation\raw\2024\2025-03-14.pdf,True,
2025-03-14,2024-25,ALL INDIA,Total,467940.84,302728.64,1656000.0,4622.96,3972.96,1576612.65,1499139.15,-77473.5,-4.91,C:\Users\DHANVISHLP\my-mlops-project\data\raw\generation\raw\2024\2025-03-14.pdf,True,
2025-03-15,2024-25,Northern,Thermal,55819.96,55819.96,322361.0,856.31,693.61,307890.25,284003.03,-23887.22,-7.76,C:\Users\DHANVISHLP\my-mlops-project\data\raw\generation\raw\2024\2025-03-15.pdf,True,
2025-03-15,2024-25,Northern,Nuclear,1620.0,1620.0,10793.0,35.12,20.45,10230.8,10651.83,421.03,4.12,C:\Users\DHANVISHLP\my-mlops-project\data\raw\generation\raw\2024\2025-03-15.pdf,True,
2025-03-15,2024-25,Northern,Hydro,19774.27,19774.27,80886.0,141.34,125.69,78624.1,74371.8,-4252.3,-5.41,C:\Users\DHANVISHLP\my-mlops-project\data\raw\generation\raw\2024\2025-03-15.pdf,True,
2025-03-15,2024-25,Northern,Total,77214.23,77214.23,414040.0,1032.77,839.75,396745.15,369026.66,-27718.49,-6.99,C:\Users\DHANVISHLP\my-mlops-project\data\raw\generation\raw\2024\2025-03-15.pdf,True,
2025-03-15,2024-25,Western,Thermal,97252.5,97252.5,544560.0,1558.58,1499.53,519582.26,517337.01,-2245.25,-0.43,C:\Users\DHANVISHLP\my-mlops-project\data\raw\generation\raw\2024\2025-03-15.pdf,True,
2025-03-15,2024-25,Western,Nuclear,3240.0,3240.0,22576.0,69.79,31.19,21458.85,19871.66,-1587.19,-7.4,C:\Users\DHANVISHLP\my-mlops-project\data\raw\generation\raw\2024\2025-03-15.pdf,True,
2025-03-15,2024-25,Western,Hydro,7392.0,7392.0,16573.0,38.55,41.86,15956.25,18931.95,2975.7,18.65,C:\Users\DHANVISHLP\my-mlops-project\data\raw\generation\raw\2024\2025-03-15.pdf,True,
2025-03-15,2024-25,Western,Total,107884.5,107884.5,583709.0,1666.92,1572.58,556997.36,556140.62,-856.74,-0.15,C:\Users\DHANVISHLP\my-mlops-project\data\raw\generation\raw\2024\2025-03-15.pdf,True,
2025-03-15,2024-25,Southern,Thermal,54177.34,54167.35,286830.0,863.08,745.79,273026.2,236244.27,-36781.93,-13.47,C:\Users\DHANVISHLP\my-mlops-project\data\raw\generation\raw\2024\2025-03-15.pdf,True,
2025-03-15,2024-25,Southern,Nuclear,3320.0,3320.0,21979.0,67.24,66.67,20902.6,23640.97,2738.37,13.1,C:\Users\DHANVISHLP\my-mlops-project\data\raw\generation\raw\2024\2025-03-15.pdf,True,
2025-03-15,2024-25,Southern,Hydro,11787.15,11787.15,30878.0,96.17,73.06,29337.55,32612.45,3274.9,11.16,C:\Users\DHANVISHLP\my-mlops-project\data\raw\generation\raw\2024\2025-03-15.pdf,True,
2025-03-15,2024-25,Southern,Total,69284.49,69274.5,339687.0,1026.49,885.52,323266.35,292497.69,-30768.66,-9.52,C:\Users\DHANVISHLP\my-mlops-project\data\raw\generation\raw\2024\2025-03-15.pdf,True,
2025-03-15,2024-25,Eastern,Thermal,37889.71,37889.71,275250.0,814.32,742.95,262221.82,249466.81,-12755.01,-4.86,C:\Users\DHANVISHLP\my-mlops-project\data\raw\generation\raw\2024\2025-03-15.pdf,True,
2025-03-15,2024-25,Eastern,Hydro,5987.75,5987.75,12220.0,20.67,18.35,11889.05,10874.92,-1014.13,-8.53,C:\Users\DHANVISHLP\my-mlops-project\data\raw\generation\raw\2024\2025-03-15.pdf,True,
2025-03-15,2024-25,Eastern,Total,43877.46,43877.46,287470.0,834.99,761.3,274110.87,260341.73,-13769.14,-5.02,C:\Users\DHANVISHLP\my-mlops-project\data\raw\generation\raw\2024\2025-03-15.pdf,True,
2025-03-15,2024-25,North Eastern,Thermal,2450.95,2450.96,15942.0,37.96,32.72,15299.95,12746.22,-2553.73,-16.69,C:\Users\DHANVISHLP\my-mlops-project\data\raw\generation\raw\2024\2025-03-15.pdf,True,
2025-03-15,2024-25,North Eastern,Hydro,2027.0,2027.0,7152.0,8.81,10.71,7011.15,7103.14,91.99,1.31,C:\Users\DHANVISHLP\my-mlops-project\data\raw\generation\raw\2024\2025-03-15.pdf,True,
2025-03-15,2024-25,North Eastern,Total,4477.95,4477.96,23094.0,46.77,43.43,22311.1,19849.36,-2461.74,-11.03,C:\Users\DHANVISHLP\my-mlops-project\data\raw\generation\raw\2024\2025-03-15.pdf,True,
2025-03-15,2024-25,ALL INDIA,Thermal,247590.47,247580.47,1444943.0,4130.25,3714.6,1378020.48,1299797.34,-78223.14,-5.68,C:\Users\DHANVISHLP\my-mlops-project\data\raw\generation\raw\2024\2025-03-15.pdf,True,
2025-03-15,2024-25,ALL INDIA,Nuclear,8180.0,8180.0,55348.0,172.15,118.31,52592.25,54164.46,1572.21,2.99,C:\Users\DHANVISHLP\my-mlops-project\data\raw\generation\raw\2024\2025-03-15.pdf,True,
2025-03-15,2024-25,ALL INDIA,Hydro,46968.17,46968.17,147709.0,305.54,269.67,142818.1,143894.26,1076.16,0.75,C:\Users\DHANVISHLP\my-mlops-project\data\raw\generation\raw\2024\2025-03-15.pdf,True,
2025-03-15,2024-25,ALL INDIA,Bhutan Imp,,,8000.0,12.34,3.48,7802.1,5388.47,-2413.63,-30.94,C:\Users\DHANVISHLP\my-mlops-project\data\raw\generation\raw\2024\2025-03-15.pdf,True,
2025-03-15,2024-25,ALL INDIA,R.E.S,165202.2,,,,,,,,,C:\Users\DHANVISHLP\my-mlops-project\data\raw\generation\raw\2024\2025-03-15.pdf,True,
2025-03-15,2024-25,ALL INDIA,Total,467940.84,302728.64,1656000.0,4620.28,4106.06,1581232.93,1503244.53,-77988.4,-4.93,C:\Users\DHANVISHLP\my-mlops-project\data\raw\generation\raw\2024\2025-03-15.pdf,True,
2025-03-16,2024-25,Northern,Thermal,55819.96,55819.96,322361.0,868.37,759.8,308758.62,284762.83,-23995.79,-7.77,C:\Users\DHANVISHLP\my-mlops-project\data\raw\generation\raw\2024\2025-03-16.pdf,True,
2025-03-16,2024-25,Northern,Nuclear,1620.0,1620.0,10793.0,35.12,20.6,10265.92,10672.43,406.51,3.96,C:\Users\DHANVISHLP\my-mlops-project\data\raw\generation\raw\2024\2025-03-16.pdf,True,
2025-03-16,2024-25,Northern,Hydro,19774.27,19774.27,80886.0,141.34,125.52,78765.44,74497.32,-4268.12,-5.42,C:\Users\DHANVISHLP\my-mlops-project\data\raw\generation\raw\2024\2025-03-16.pdf,True,
2025-03-16,2024-25,Northern,Total,77214.23,77214.23,414040.0,1044.83,905.92,397789.98,369932.58,-27857.4,-7.0,C:\Users\DHANVISHLP\my-mlops-project\data\raw\generation\raw\2024\2025-03-16.pdf,True,
2025-03-16,2024-25,Western,Thermal,97252.5,97252.5,544560.0,1558.58,1528.17,521140.84,518865.18,-2275.66,-0.44,C:\Users\DHANVISHLP\my-mlops-project\data\raw\generation\raw\2024\2025-03-16.pdf,True,
2025-03-16,2024-25,Western,Nuclear,3240.0,3240.0,22576.0,69.79,33.7,21528.64,19905.36,-1623.28,-7.54,C:\Users\DHANVISHLP\my-mlops-project\data\raw\generation\raw\2024\2025-03-16.pdf,True,
2025-03-16,2024-25,Western,Hydro,7392.0,7392.0,16573.0,38.55,35.75,15994.8,18967.7,2972.9,18.59,C:\Users\DHANVISHLP\my-mlops-project\data\raw\generation\raw\2024\2025-03-16.pdf,True,
2025-03-16,2024-25,Western,Total,107884.5,107884.5,583709.0,1666.92,1597.62,558664.28,557738.24,-926.04,-0.17,C:\Users\DHANVISHLP\my-mlops-project\data\raw\generation\raw\2024\2025-03-16.pdf,True,
2025-03-16,2024-25,Southern,Thermal,54177.34,54167.35,286830.0,863.08,755.05,273889.28,236999.32,-36889.96,-13.47,C:\Users\DHANVISHLP\my-mlops-project\data\raw\generation\raw\2024\2025-03-16.pdf,True,
2025-03-16,2024-25,Southern,Nuclear,3320.0,3320.0,21979.0,67.24,73.76,20969.84,23714.73,2744.89,13.09,C:\Users\DHANVISHLP\my-mlops-project\data\raw\generation\raw\2024\2025-03-16.pdf,True,
2025-03-16,2024-25,Southern,Hydro,11787.15,11787.15,30878.0,96.17,74.18,29433.72,32686.32,3252.6,11.05,C:\Users\DHANVISHLP\my-mlops-project\data\raw\generation\raw\2024\2025-03-16.pdf,True,
2025-03-16,2024-25,Southern,Total,69284.49,69274.5,339687.0,1026.49,902.99,324292.84,293400.37,-30892.47,-9.53,C:\Users\DHANVISHLP\my-mlops-project\data\raw\generation\raw\2024\2025-03-16.pdf,True,
2025-03-16,2024-25,Eastern,Thermal,37889.71,37889.71,275250.0,814.32,755.23,263036.14,250222.04,-12814.1,-4.87,C:\Users\DHANVISHLP\my-mlops-project\data\raw\generation\raw\2024\2025-03-16.pdf,True,
2025-03-16,2024-25,Eastern,Hydro,5987.75,5987.75,12220.0,20.67,18.36,11909.72,10893.28,-1016.44,-8.53,C:\Users\DHANVISHLP\my-mlops-project\data\raw\generation\raw\2024\2025-03-16.pdf,True,
2025-03-16,2024-25,Eastern,Total,43877.46,43877.46,287470.0,834.99,773.59,274945.86,261115.32,-13830.54,-5.03,C:\Users\DHANVISHLP\my-mlops-project\data\raw\generation\raw\2024\2025-03-16.pdf,True,
2025-03-16,2024-25,North Eastern,Thermal,2450.95,2450.96,15942.0,37.96,33.97,15337.91,12780.19,-2557.72,-16.68,C:\Users\DHANVISHLP\my-mlops-project\data\raw\generation\raw\2024\2025-03-16.pdf,True,
2025-03-16,2024-25,North Eastern,Hydro,2027.0,2027.0,7152.0,8.81,10.34,7019.96,7113.48,93.52,1.33,C:\Users\DHANVISHLP\my-mlops-project\data\raw\generation\raw\2024\2025-03-16.pdf,True,
2025-03-16,2024-25,North Eastern,Total,4477.95,4477.96,23094.0,46.77,44.31,22357.87,19893.67,-2464.2,-11.02,C:\Users\DHANVISHLP\my-mlops-project\data\raw\generation\raw\2024\2025-03-16.pdf,True,
2025-03-16,2024-25,ALL INDIA,Thermal,247590.47,247580.47,1444943.0,4142.31,3832.22,1382162.79,1303629.56,-78533.23,-5.68,C:\Users\DHANVISHLP\my-mlops-project\data\raw\generation\raw\2024\2025-03-16.pdf,True,
2025-03-16,2024-25,ALL INDIA,Nuclear,8180.0,8180.0,55348.0,172.15,128.06,52764.4,54292.52,1528.12,2.9,C:\Users\DHANVISHLP\my-mlops-project\data\raw\generation\raw\2024\2025-03-16.pdf,True,
2025-03-16,2024-25,ALL INDIA,Hydro,46968.17,46968.17,147709.0,305.54,264.15,143123.64,144158.1,1034.46,0.72,C:\Users\DHANVISHLP\my-mlops-project\data\raw\generation\raw\2024\2025-03-16.pdf,True,
2025-03-16,2024-25,ALL INDIA,Bhutan Imp,,,8000.0,12.34,6.35,7814.44,5394.82,-2419.62,-30.96,C:\Users\DHANVISHLP\my-mlops-project\data\raw\generation\raw\2024\2025-03-16.pdf,True,
2025-03-16,2024-25,ALL INDIA,R.E.S,165202.2,,,,,,,,,C:\Users\DHANVISHLP\my-mlops-project\data\raw\generation\raw\2024\2025-03-16.pdf,True,
2025-03-16,2024-25,ALL INDIA,Total,467940.84,302728.64,1656000.0,4632.34,4230.78,1585865.27,1507475.0,-78390.27,-4.94,C:\Users\DHANVISHLP\my-mlops-project\data\raw\generation\raw\2024\2025-03-16.pdf,True,
2025-03-17,2024-25,Northern,Thermal,55819.96,55819.96,322361.0,868.37,821.89,309626.99,285584.72,-24042.27,-7.76,C:\Users\DHANVISHLP\my-mlops-project\data\raw\generation\raw\2024\2025-03-17.pdf,True,
2025-03-17,2024-25,Northern,Nuclear,1620.0,1620.0,10793.0,35.12,20.53,10301.04,10692.96,391.92,3.8,C:\Users\DHANVISHLP\my-mlops-project\data\raw\generation\raw\2024\2025-03-17.pdf,True,
2025-03-17,2024-25,Northern,Hydro,19774.27,19774.27,80886.0,141.34,129.76,78906.78,74627.08,-4279.7,-5.42,C:\Users\DHANVISHLP\my-mlops-project\data\raw\generation\raw\2024\2025-03-17.pdf,True,
2025-03-17,2024-25,Northern,Total,77214.23,77214.23,414040.0,1044.83,972.18,398834.81,370904.76,-27930.05,-7.0,C:\Users\DHANVISHLP\my-mlops-project\data\raw\generation\raw\2024\2025-03-17.pdf,True,
2025-03-17,2024-25,Western,Thermal,97252.5,97252.5,544560.0,1558.97,1610.75,522699.81,520475.93,-2223.88,-0.43,C:\Users\DHANVISHLP\my-mlops-project\data\raw\generation\raw\2024\2025-03-17.pdf,True,
2025-03-17,2024-25,Western,Nuclear,3240.0,3240.0,22576.0,69.79,34.02,21598.43,19939.38,-1659.05,-7.68,C:\Users\DHANVISHLP\my-mlops-project\data\raw\generation\raw\2024\2025-03-17.pdf,True,
2025-03-17,2024-25,Western,Hydro,7392.0,7392.0,16573.0,38.55,44.85,16033.35,19012.55,2979.2,18.58,C:\Users\DHANVISHLP\my-mlops-project\data\raw\generation\raw\2024\2025-03-17.pdf,True,
2025-03-17,2024-25,Western,Total,107884.5,107884.5,583709.0,1667.31,1689.62,560331.59,559427.86,-903.73,-0.16,C:\Users\DHANVISHLP\my-mlops-project\data\raw\generation\raw\2024\2025-03-17.pdf,True,
2025-03-17,2024-25,Southern,Thermal,54177.34,54167.35,286830.0,863.08,795.16,274752.36,237794.48,-36957.88,-13.45,C:\Users\DHANVISHLP\my-mlops-project\data\raw\generation\raw\2024\2025-03-17.pdf,True,
2025-03-17,2024-25,Southern,Nuclear,3320.0,3320.0,21979.0,67.24,74.62,21037.08,23789.35,2752.27,13.08,C:\Users\DHANVISHLP\my-mlops-project\data\raw\generation\raw\2024\2025-03-17.pdf,True,
2025-03-17,2024-25,Southern,Hydro,11787.15,11787.15,30878.0,96.17,82.85,29529.89,32769.17,3239.28,10.97,C:\Users\DHANVISHLP\my-mlops-project\data\raw\generation\raw\2024\2025-03-17.pdf,True,
2025-03-17,2024-25,Southern,Total,69284.49,69274.5,339687.0,1026.49,952.63,325319.33,294353.0,-30966.33,-9.52,C:\Users\DHANVISHLP\my-mlops-project\data\raw\generation\raw\2024\2025-03-17.pdf,True,
2025-03-17,2024-25,Eastern,Thermal,37889.71,37889.71,275250.0,814.32,776.18,263850.46,250998.22,-12852.24,-4.87,C:\Users\DHANVISHLP\my-mlops-project\data\raw\generation\raw\2024\2025-03-17.pdf,True,
2025-03-17,2024-25,Eastern,Hydro,5987.75,5987.75,12220.0,20.67,20.06,11930.39,10913.34,-1017.05,-8.52,C:\Users\DHANVISHLP\my-mlops-project\data\raw\generation\raw\2024\2025-03-17.pdf,True,
2025-03-17,2024-25,Eastern,Total,43877.46,43877.46,287470.0,834.99,796.24,275780.85,261911.56,-13869.29,-5.03,C:\Users\DHANVISHLP\my-mlops-project\data\raw\generation\raw\2024\2025-03-17.pdf,True,
2025-03-17,2024-25,North Eastern,Thermal,2450.95,2450.96,15942.0,37.96,33.76,15375.87,12813.95,-2561.92,-16.66,C:\Users\DHANVISHLP\my-mlops-project\data\raw\generation\raw\2024\2025-03-17.pdf,True,
2025-03-17,2024-25,North Eastern,Hydro,2027.0,2027.0,7152.0,8.81,12.56,7028.77,7126.04,97.27,1.38,C:\Users\DHANVISHLP\my-mlops-project\data\raw\generation\raw\2024\2025-03-17.pdf,True,
2025-03-17,2024-25,North Eastern,Total,4477.95,4477.96,23094.0,46.77,46.32,22404.64,19939.99,-2464.65,-11.0,C:\Users\DHANVISHLP\my-mlops-project\data\raw\generation\raw\2024\2025-03-17.pdf,True,
2025-03-17,2024-25,ALL INDIA,Thermal,247590.47,247580.47,1444943.0,4142.7,4037.74,1386305.49,1307667.3,-78638.19,-5.67,C:\Users\DHANVISHLP\my-mlops-project\data\raw\generation\raw\2024\2025-03-17.pdf,True,
2025-03-17,2024-25,ALL INDIA,Nuclear,8180.0,8180.0,55348.0,172.15,129.17,52936.55,54421.69,1485.14,2.81,C:\Users\DHANVISHLP\my-mlops-project\data\raw\generation\raw\2024\2025-03-17.pdf,True,
2025-03-17,2024-25,ALL INDIA,Hydro,46968.17,46968.17,147709.0,305.54,290.08,143429.18,144448.18,1019.0,0.71,C:\Users\DHANVISHLP\my-mlops-project\data\raw\generation\raw\2024\2025-03-17.pdf,True,
2025-03-17,2024-25,ALL INDIA,Bhutan Imp,,,8000.0,12.34,7.03,7826.78,5401.85,-2424.93,-30.98,C:\Users\DHANVISHLP\my-mlops-project\data\raw\generation\raw\2024\2025-03-17.pdf,True,
2025-03-17,2024-25,ALL INDIA,R.E.S,165202.2,,,,,,,,,C:\Users\DHANVISHLP\my-mlops-project\data\raw\generation\raw\2024\2025-03-17.pdf,True,
2025-03-17,2024-25,ALL INDIA,Total,467940.84,302728.64,1656000.0,4632.73,4464.02,1590498.0,1511939.02,-78558.98,-4.94,C:\Users\DHANVISHLP\my-mlops-project\data\raw\generation\raw\2024\2025-03-17.pdf,True,
2025-03-18,2024-25,Northern,Thermal,55819.96,55819.96,322361.0,886.65,846.54,310513.64,286431.26,-24082.38,-7.76,C:\Users\DHANVISHLP\my-mlops-project\data\raw\generation\raw\2024\2025-03-18.pdf,True,
2025-03-18,2024-25,Northern,Nuclear,1620.0,1620.0,10793.0,35.12,17.59,10336.16,10710.55,374.39,3.62,C:\Users\DHANVISHLP\my-mlops-project\data\raw\generation\raw\2024\2025-03-18.pdf,True,
2025-03-18,2024-25,Northern,Hydro,19774.27,19774.27,80886.0,141.34,119.12,79048.12,74746.2,-4301.92,-5.44,C:\Users\DHANVISHLP\my-mlops-project\data\raw\generation\raw\2024\2025-03-18.pdf,True,
2025-03-18,2024-25,Northern,Total,77214.23,77214.23,414040.0,1063.11,983.25,399897.92,371888.01,-28009.91,-7.0,C:\Users\DHANVISHLP\my-mlops-project\data\raw\generation\raw\2024\2025-03-18.pdf,True,
2025-03-18,2024-25,Western,Thermal,97252.5,97252.5,544560.0,1558.97,1594.83,524258.78,522070.76,-2188.02,-0.42,C:\Users\DHANVISHLP\my-mlops-project\data\raw\generation\raw\2024\2025-03-18.pdf,True,
2025-03-18,2024-25,Western,Nuclear,3240.0,3240.0,22576.0,69.79,49.94,21668.22,19989.32,-1678.9,-7.75,C:\Users\DHANVISHLP\my-mlops-project\data\raw\generation\raw\2024\2025-03-18.pdf,True,
2025-03-18,2024-25,Western,Hydro,7392.0,7392.0,16573.0,38.55,49.08,16071.9,19061.63,2989.73,18.6,C:\Users\DHANVISHLP\my-mlops-project\data\raw\generation\raw\2024\2025-03-18.pdf,True,
2025-03-18,2024-25,Western,Total,107884.5,107884.5,583709.0,1667.31,1693.85,561998.9,561121.71,-877.19,-0.16,C:\Users\DHANVISHLP\my-mlops-project\data\raw\generation\raw\2024\2025-03-18.pdf,True,
2025-03-18,2024-25,Southern,Thermal,54177.34,54167.35,286830.0,863.08,790.74,275615.44,238585.22,-37030.22,-13.44,C:\Users\DHANVISHLP\my-mlops-project\data\raw\generation\raw\2024\2025-03-18.pdf,True,
2025-03-18,2024-25,Southern,Nuclear,3320.0,3320.0,21979.0,67.24,70.72,21104.32,23860.07,2755.75,13.06,C:\Users\DHANVISHLP\my-mlops-project\data\raw\generation\raw\2024\2025-03-18.pdf,True,
2025-03-18,2024-25,Southern,Hydro,11787.15,11787.15,30878.0,96.17,96.54,29626.06,32865.71,3239.65,10.94,C:\Users\DHANVISHLP\my-mlops-project\data\raw\generation\raw\2024\2025-03-18.pdf,True,
2025-03-18,2024-25,Southern,Total,69284.49,69274.5,339687.0,1026.49,958.0,326345.82,295311.0,-31034.82,-9.51,C:\Users\DHANVISHLP\my-mlops-project\data\raw\generation\raw\2024\2025-03-18.pdf,True,
2025-03-18,2024-25,Eastern,Thermal,37889.71,37889.71,275250.0,814.32,775.83,264664.78,251774.05,-12890.73,-4.87,C:\Users\DHANVISHLP\my-mlops-project\data\raw\generation\raw\2024\2025-03-18.pdf,True,
2025-03-18,2024-25,Eastern,Hydro,5987.75,5987.75,12220.0,20.67,18.74,11951.06,10932.08,-1018.98,-8.53,C:\Users\DHANVISHLP\my-mlops-project\data\raw\generation\raw\2024\2025-03-18.pdf,True,
2025-03-18,2024-25,Eastern,Total,43877.46,43877.46,287470.0,834.99,794.57,276615.84,262706.13,-13909.71,-5.03,C:\Users\DHANVISHLP\my-mlops-project\data\raw\generation\raw\2024\2025-03-18.pdf,True,
2025-03-18,2024-25,North Eastern,Thermal,2450.95,2450.96,15942.0,37.96,34.0,15413.83,12847.95,-2565.88,-16.65,C:\Users\DHANVISHLP\my-mlops-project\data\raw\generation\raw\2024\2025-03-18.pdf,True,
2025-03-18,2024-25,North Eastern,Hydro,2027.0,2027.0,7152.0,8.81,10.77,7037.58,7136.81,99.23,1.41,C:\Users\DHANVISHLP\my-mlops-project\data\raw\generation\raw\2024\2025-03-18.pdf,True,
2025-03-18,2024-25,North Eastern,Total,4477.95,4477.96,23094.0,46.77,44.77,22451.41,19984.76,-2466.65,-10.99,C:\Users\DHANVISHLP\my-mlops-project\data\raw\generation\raw\2024\2025-03-18.pdf,True,
2025-03-18,2024-25,ALL INDIA,Thermal,247590.47,247580.47,1444943.0,4160.98,4041.94,1390466.47,1311709.24,-78757.23,-5.66,C:\Users\DHANVISHLP\my-mlops-project\data\raw\generation\raw\2024\2025-03-18.pdf,True,
2025-03-18,2024-25,ALL INDIA,Nuclear,8180.0,8180.0,55348.0,172.15,138.25,53108.7,54559.94,1451.24,2.73,C:\Users\DHANVISHLP\my-mlops-project\data\raw\generation\raw\2024\2025-03-18.pdf,True,
2025-03-18,2024-25,ALL INDIA,Hydro,46968.17,46968.17,147709.0,305.54,294.25,143734.72,144742.43,1007.71,0.7,C:\Users\DHANVISHLP\my-mlops-project\data\raw\generation\raw\2024\2025-03-18.pdf,True,
2025-03-18,2024-25,ALL INDIA,Bhutan Imp,,,8000.0,12.34,6.85,7839.12,5408.7,-2430.42,-31.0,C:\Users\DHANVISHLP\my-mlops-project\data\raw\generation\raw\2024\2025-03-18.pdf,True,
2025-03-18,2024-25,ALL INDIA,R.E.S,165202.2,,,,,,,,,C:\Users\DHANVISHLP\my-mlops-project\data\raw\generation\raw\2024\2025-03-18.pdf,True,
2025-03-18,2024-25,ALL INDIA,Total,467940.84,302728.64,1656000.0,4651.01,4481.29,1595149.01,1516420.31,-78728.7,-4.94,C:\Users\DHANVISHLP\my-mlops-project\data\raw\generation\raw\2024\2025-03-18.pdf,True,
2025-03-19,2024-25,Northern,Thermal,55819.96,55819.96,322361.0,899.88,878.88,311413.52,287310.14,-24103.38,-7.74,C:\Users\DHANVISHLP\my-mlops-project\data\raw\generation\raw\2024\2025-03-19.pdf,True,
2025-03-19,2024-25,Northern,Nuclear,1620.0,1620.0,10793.0,35.12,15.93,10371.28,10726.48,355.2,3.42,C:\Users\DHANVISHLP\my-mlops-project\data\raw\generation\raw\2024\2025-03-19.pdf,True,
2025-03-19,2024-25,Northern,Hydro,19774.27,19774.27,80886.0,141.34,119.55,79189.46,74900.18,-4289.28,-5.42,C:\Users\DHANVISHLP\my-mlops-project\data\raw\generation\raw\2024\2025-03-19.pdf,True,
2025-03-19,2024-25,Northern,Total,77214.23,77214.23,414040.0,1076.34,1014.36,400974.26,372936.8,-28037.46,-6.99,C:\Users\DHANVISHLP\my-mlops-project\data\raw\generation\raw\2024\2025-03-19.pdf,True,
2025-03-19,2024-25,Western,Thermal,97252.5,97252.5,544560.0,1558.97,1588.43,525817.75,523659.19,-2158.56,-0.41,C:\Users\DHANVISHLP\my-mlops-project\data\raw\generation\raw\2024\2025-03-19.pdf,True,
2025-03-19,2024-25,Western,Nuclear,3240.0,3240.0,22576.0,69.79,59.83,21738.01,20049.15,-1688.86,-7.77,C:\Users\DHANVISHLP\my-mlops-project\data\raw\generation\raw\2024\2025-03-19.pdf,True,
2025-03-19,2024-25,Western,Hydro,7392.0,7392.0,16573.0,38.55,55.24,16110.45,19116.87,3006.42,18.66,C:\Users\DHANVISHLP\my-mlops-project\data\raw\generation\raw\2024\2025-03-19.pdf,True,
2025-03-19,2024-25,Western,Total,107884.5,107884.5,583709.0,1667.31,1703.5,563666.21,562825.21,-841.0,-0.15,C:\Users\DHANVISHLP\my-mlops-project\data\raw\generation\raw\2024\2025-03-19.pdf,True,
2025-03-19,2024-25,Southern,Thermal,54177.34,54167.35,286830.0,863.08,804.32,276478.52,239389.54,-37088.98,-13.41,C:\Users\DHANVISHLP\my-mlops-project\data\raw\generation\raw\2024\2025-03-19.pdf,True,
2025-03-19,2024-25,Southern,Nuclear,3320.0,3320.0,21979.0,67.24,70.5,21171.56,23930.57,2759.01,13.03,C:\Users\DHANVISHLP\my-mlops-project\data\raw\generation\raw\2024\2025-03-19.pdf,True,
2025-03-19,2024-25,Southern,Hydro,11787.15,11787.15,30878.0,96.17,99.4,29722.23,32965.11,3242.88,10.91,C:\Users\DHANVISHLP\my-mlops-project\data\raw\generation\raw\2024\2025-03-19.pdf,True,
2025-03-19,2024-25,Southern,Total,69284.49,69274.5,339687.0,1026.49,974.22,327372.31,296285.22,-31087.09,-9.5,C:\Users\DHANVISHLP\my-mlops-project\data\raw\generation\raw\2024\2025-03-19.pdf,True,
2025-03-19,2024-25,Eastern,Thermal,37889.71,37889.71,275250.0,814.32,770.74,265479.1,252544.79,-12934.31,-4.87,C:\Users\DHANVISHLP\my-mlops-project\data\raw\generation\raw\2024\2025-03-19.pdf,True,
2025-03-19,2024-25,Eastern,Hydro,5987.75,5987.75,12220.0,20.67,22.15,11971.73,10954.23,-1017.5,-8.5,C:\Users\DHANVISHLP\my-mlops-project\data\raw\generation\raw\2024\2025-03-19.pdf,True,
2025-03-19,2024-25,Eastern,Total,43877.46,43877.46,287470.0,834.99,792.89,277450.83,263499.02,-13951.81,-5.03,C:\Users\DHANVISHLP\my-mlops-project\data\raw\generation\raw\2024\2025-03-19.pdf,True,
2025-03-19,2024-25,North Eastern,Thermal,2450.95,2450.96,15942.0,37.96,33.93,15451.79,12881.88,-2569.91,-16.63,C:\Users\DHANVISHLP\my-mlops-project\data\raw\generation\raw\2024\2025-03-19.pdf,True,
2025-03-19,2024-25,North Eastern,Hydro,2027.0,2027.0,7152.0,8.81,10.69,7046.39,7147.5,101.11,1.43,C:\Users\DHANVISHLP\my-mlops-project\data\raw\generation\raw\2024\2025-03-19.pdf,True,
2025-03-19,2024-25,North Eastern,Total,4477.95,4477.96,23094.0,46.77,44.62,22498.18,20029.38,-2468.8,-10.97,C:\Users\DHANVISHLP\my-mlops-project\data\raw\generation\raw\2024\2025-03-19.pdf,True,
2025-03-19,2024-25,ALL INDIA,Thermal,247590.47,247580.47,1444943.0,4174.21,4076.3,1394640.68,1315785.54,-78855.14,-5.65,C:\Users\DHANVISHLP\my-mlops-project\data\raw\generation\raw\2024\2025-03-19.pdf,True,
2025-03-19,2024-25,ALL INDIA,Nuclear,8180.0,8180.0,55348.0,172.15,146.26,53280.85,54706.2,1425.35,2.68,C:\Users\DHANVISHLP\my-mlops-project\data\raw\generation\raw\2024\2025-03-19.pdf,True,
2025-03-19,2024-25,ALL INDIA,Hydro,46968.17,46968.17,147709.0,305.54,307.03,144040.26,145083.89,1043.63,0.72,C:\Users\DHANVISHLP\my-mlops-project\data\raw\generation\raw\2024\2025-03-19.pdf,True,
2025-03-19,2024-25,ALL INDIA,Bhutan Imp,,,8000.0,12.34,6.09,7851.46,5414.79,-2436.67,-31.03,C:\Users\DHANVISHLP\my-mlops-project\data\raw\generation\raw\2024\2025-03-19.pdf,True,
2025-03-19,2024-25,ALL INDIA,R.E.S,165651.96,,,,,,,,,C:\Users\DHANVISHLP\my-mlops-project\data\raw\generation\raw\2024\2025-03-19.pdf,True,
2025-03-19,2024-25,ALL INDIA,Total,468390.6,302728.64,1656000.0,4664.24,4535.68,1599813.25,1520990.42,-78822.83,-4.93,C:\Users\DHANVISHLP\my-mlops-project\data\raw\generation\raw\2024\2025-03-19.pdf,True,
2025-03-20,2024-25,Northern,Thermal,55819.96,55819.96,322361.0,899.88,889.63,312313.4,288199.77,-24113.63,-7.72,C:\Users\DHANVISHLP\my-mlops-project\data\raw\generation\raw\2024\2025-03-20.pdf,True,
2025-03-20,2024-25,Northern,Nuclear,1620.0,1620.0,10793.0,35.12,15.47,10406.4,10741.95,335.55,3.22,C:\Users\DHANVISHLP\my-mlops-project\data\raw\generation\raw\2024\2025-03-20.pdf,True,
2025-03-20,2024-25,Northern,Hydro,19774.27,19774.27,80886.0,141.34,120.42,79330.8,75020.6,-4310.2,-5.43,C:\Users\DHANVISHLP\my-mlops-project\data\raw\generation\raw\2024\2025-03-20.pdf,True,
2025-03-20,2024-25,Northern,Total,77214.23,77214.23,414040.0,1076.34,1025.52,402050.6,373962.32,-28088.28,-6.99,C:\Users\DHANVISHLP\my-mlops-project\data\raw\generation\raw\2024\2025-03-20.pdf,True,
2025-03-20,2024-25,Western,Thermal,97252.5,97252.5,544560.0,1562.06,1561.03,527379.81,525220.22,-2159.59,-0.41,C:\Users\DHANVISHLP\my-mlops-project\data\raw\generation\raw\2024\2025-03-20.pdf,True,
2025-03-20,2024-25,Western,Nuclear,3240.0,3240.0,22576.0,69.79,63.67,21807.8,20112.82,-1694.98,-7.77,C:\Users\DHANVISHLP\my-mlops-project\data\raw\generation\raw\2024\2025-03-20.pdf,True,
2025-03-20,2024-25,Western,Hydro,7392.0,7392.0,16573.0,38.55,48.33,16149.0,19165.2,3016.2,18.68,C:\Users\DHANVISHLP\my-mlops-project\data\raw\generation\raw\2024\2025-03-20.pdf,True,
2025-03-20,2024-25,Western,Total,107884.5,107884.5,583709.0,1670.4,1673.03,565336.61,564498.24,-838.37,-0.15,C:\Users\DHANVISHLP\my-mlops-project\data\raw\generation\raw\2024\2025-03-20.pdf,True,
2025-03-20,2024-25,Southern,Thermal,54177.34,54167.35,286830.0,862.47,810.83,277340.99,240200.37,-37140.62,-13.39,C:\Users\DHANVISHLP\my-mlops-project\data\raw\generation\raw\2024\2025-03-20.pdf,True,
2025-03-20,2024-25,Southern,Nuclear,3320.0,3320.0,21979.0,67.24,75.46,21238.8,24006.03,2767.23,13.03,C:\Users\DHANVISHLP\my-mlops-project\data\raw\generation\raw\2024\2025-03-20.pdf,True,
2025-03-20,2024-25,Southern,Hydro,11787.15,11787.15,30878.0,96.17,92.82,29818.4,33057.93,3239.53,10.86,C:\Users\DHANVISHLP\my-mlops-project\data\raw\generation\raw\2024\2025-03-20.pdf,True,
2025-03-20,2024-25,Southern,Total,69284.49,69274.5,339687.0,1025.88,979.11,328398.19,297264.33,-31133.86,-9.48,C:\Users\DHANVISHLP\my-mlops-project\data\raw\generation\raw\2024\2025-03-20.pdf,True,
2025-03-20,2024-25,Eastern,Thermal,37889.71,37889.71,275250.0,814.32,771.06,266293.42,253315.85,-12977.57,-4.87,C:\Users\DHANVISHLP\my-mlops-project\data\raw\generation\raw\2024\2025-03-20.pdf,True,
2025-03-20,2024-25,Eastern,Hydro,5987.75,5987.75,12220.0,20.67,19.31,11992.4,10973.54,-1018.86,-8.5,C:\Users\DHANVISHLP\my-mlops-project\data\raw\generation\raw\2024\2025-03-20.pdf,True,
2025-03-20,2024-25,Eastern,Total,43877.46,43877.46,287470.0,834.99,790.37,278285.82,264289.39,-13996.43,-5.03,C:\Users\DHANVISHLP\my-mlops-project\data\raw\generation\raw\2024\2025-03-20.pdf,True,
2025-03-20,2024-25,North Eastern,Thermal,2450.95,2450.96,15942.0,37.96,34.54,15489.75,12916.42,-2573.33,-16.61,C:\Users\DHANVISHLP\my-mlops-project\data\raw\generation\raw\2024\2025-03-20.pdf,True,
2025-03-20,2024-25,North Eastern,Hydro,2027.0,2027.0,7152.0,8.81,9.23,7055.2,7156.73,101.53,1.44,C:\Users\DHANVISHLP\my-mlops-project\data\raw\generation\raw\2024\2025-03-20.pdf,True,
2025-03-20,2024-25,North Eastern,Total,4477.95,4477.96,23094.0,46.77,43.77,22544.95,20073.15,-2471.8,-10.96,C:\Users\DHANVISHLP\my-mlops-project\data\raw\generation\raw\2024\2025-03-20.pdf,True,
2025-03-20,2024-25,ALL INDIA,Thermal,247590.47,247580.47,1444943.0,4176.69,4067.09,1398817.37,1319852.63,-78964.74,-5.65,C:\Users\DHANVISHLP\my-mlops-project\data\raw\generation\raw\2024\2025-03-20.pdf,True,
2025-03-20,2024-25,ALL INDIA,Nuclear,8180.0,8180.0,55348.0,172.15,154.6,53453.0,54860.8,1407.8,2.63,C:\Users\DHANVISHLP\my-mlops-project\data\raw\generation\raw\2024\2025-03-20.pdf,True,
2025-03-20,2024-25,ALL INDIA,Hydro,46968.17,46968.17,147709.0,305.54,290.11,144345.8,145374.0,1028.2,0.71,C:\Users\DHANVISHLP\my-mlops-project\data\raw\generation\raw\2024\2025-03-20.pdf,True,
2025-03-20,2024-25,ALL INDIA,Bhutan Imp,,,8000.0,12.34,6.46,7863.8,5421.25,-2442.55,-31.06,C:\Users\DHANVISHLP\my-mlops-project\data\raw\generation\raw\2024\2025-03-20.pdf,True,
2025-03-20,2024-25,ALL INDIA,R.E.S,167709.52,,,,,,,,,C:\Users\DHANVISHLP\my-mlops-project\data\raw\generation\raw\2024\2025-03-20.pdf,True,
2025-03-20,2024-25,ALL INDIA,Total,470448.16,302728.64,1656000.0,4666.72,4518.26,1604479.97,1525508.68,-78971.29,-4.92,C:\Users\DHANVISHLP\my-mlops-project\data\raw\generation\raw\2024\2025-03-20.pdf,True,
2025-03-21,2024-25,Northern,Thermal,55819.96,55819.96,322361.0,899.88,859.51,313213.28,289059.28,-24154.0,-7.71,C:\Users\DHANVISHLP\my-mlops-project\data\raw\generation\raw\2024\2025-03-21.pdf,True,
2025-03-21,2024-25,Northern,Nuclear,1620.0,1620.0,10793.0,35.12,14.93,10441.52,10756.88,315.36,3.02,C:\Users\DHANVISHLP\my-mlops-project\data\raw\generation\raw\2024\2025-03-21.pdf,True,
2025-03-21,2024-25,Northern,Hydro,19774.27,19774.27,80886.0,141.34,116.53,79472.14,75137.13,-4335.01,-5.45,C:\Users\DHANVISHLP\my-mlops-project\data\raw\generation\raw\2024\2025-03-21.pdf,True,
2025-03-21,2024-25,Northern,Total,77214.23,77214.23,414040.0,1076.34,990.97,403126.94,374953.29,-28173.65,-6.99,C:\Users\DHANVISHLP\my-mlops-project\data\raw\generation\raw\2024\2025-03-21.pdf,True,
2025-03-21,2024-25,Western,Thermal,97252.5,97252.5,544560.0,1562.06,1565.07,528941.87,526785.29,-2156.58,-0.41,C:\Users\DHANVISHLP\my-mlops-project\data\raw\generation\raw\2024\2025-03-21.pdf,True,
2025-03-21,2024-25,Western,Nuclear,3240.0,3240.0,22576.0,69.79,64.69,21877.59,20177.51,-1700.08,-7.77,C:\Users\DHANVISHLP\my-mlops-project\data\raw\generation\raw\2024\2025-03-21.pdf,True,
2025-03-21,2024-25,Western,Hydro,7392.0,7392.0,16573.0,38.55,49.99,16187.55,19215.19,3027.64,18.7,C:\Users\DHANVISHLP\my-mlops-project\data\raw\generation\raw\2024\2025-03-21.pdf,True,
2025-03-21,2024-25,Western,Total,107884.5,107884.5,583709.0,1670.4,1679.75,567007.01,566177.99,-829.02,-0.15,C:\Users\DHANVISHLP\my-mlops-project\data\raw\generation\raw\2024\2025-03-21.pdf,True,
2025-03-21,2024-25,Southern,Thermal,54177.34,54167.35,286830.0,862.47,794.58,278203.46,240994.95,-37208.51,-13.37,C:\Users\DHANVISHLP\my-mlops-project\data\raw\generation\raw\2024\2025-03-21.pdf,True,
2025-03-21,2024-25,Southern,Nuclear,3320.0,3320.0,21979.0,67.24,75.8,21306.04,24081.83,2775.79,13.03,C:\Users\DHANVISHLP\my-mlops-project\data\raw\generation\raw\2024\2025-03-21.pdf,True,
2025-03-21,2024-25,Southern,Hydro,11787.15,11787.15,30878.0,96.17,97.85,29914.57,33155.78,3241.21,10.83,C:\Users\DHANVISHLP\my-mlops-project\data\raw\generation\raw\2024\2025-03-21.pdf,True,
2025-03-21,2024-25,Southern,Total,69284.49,69274.5,339687.0,1025.88,968.23,329424.07,298232.56,-31191.51,-9.47,C:\Users\DHANVISHLP\my-mlops-project\data\raw\generation\raw\2024\2025-03-21.pdf,True,
2025-03-21,2024-25,Eastern,Thermal,37889.71,37889.71,275250.0,814.32,782.2,267107.74,254098.05,-13009.69,-4.87,C:\Users\DHANVISHLP\my-mlops-project\data\raw\generation\raw\2024\2025-03-21.pdf,True,
2025-03-21,2024-25,Eastern,Hydro,5987.75,5987.75,12220.0,20.67,16.58,12013.07,10990.12,-1022.95,-8.52,C:\Users\DHANVISHLP\my-mlops-project\data\raw\generation\raw\2024\2025-03-21.pdf,True,
2025-03-21,2024-25,Eastern,Total,43877.46,43877.46,287470.0,834.99,798.78,279120.81,265088.17,-14032.64,-5.03,C:\Users\DHANVISHLP\my-mlops-project\data\raw\generation\raw\2024\2025-03-21.pdf,True,
2025-03-21,2024-25,North Eastern,Thermal,2450.95,2450.96,15942.0,41.19,33.68,15530.94,12950.1,-2580.84,-16.62,C:\Users\DHANVISHLP\my-mlops-project\data\raw\generation\raw\2024\2025-03-21.pdf,True,
2025-03-21,2024-25,North Eastern,Hydro,2027.0,2027.0,7152.0,8.81,8.86,7064.01,7165.59,101.58,1.44,C:\Users\DHANVISHLP\my-mlops-project\data\raw\generation\raw\2024\2025-03-21.pdf,True,
2025-03-21,2024-25,North Eastern,Total,4477.95,4477.96,23094.0,50.0,42.54,22594.95,20115.69,-2479.26,-10.97,C:\Users\DHANVISHLP\my-mlops-project\data\raw\generation\raw\2024\2025-03-21.pdf,True,
2025-03-21,2024-25,ALL INDIA,Thermal,247590.47,247580.47,1444943.0,4179.92,4035.04,1402997.29,1323887.67,-79109.62,-5.64,C:\Users\DHANVISHLP\my-mlops-project\data\raw\generation\raw\2024\2025-03-21.pdf,True,
2025-03-21,2024-25,ALL INDIA,Nuclear,8180.0,8180.0,55348.0,172.15,155.42,53625.15,55016.22,1391.07,2.59,C:\Users\DHANVISHLP\my-mlops-project\data\raw\generation\raw\2024\2025-03-21.pdf,True,
2025-03-21,2024-25,ALL INDIA,Hydro,46968.17,46968.17,147709.0,305.54,289.81,144651.34,145663.81,1012.47,0.7,C:\Users\DHANVISHLP\my-mlops-project\data\raw\generation\raw\2024\2025-03-21.pdf,True,
2025-03-21,2024-25,ALL INDIA,Bhutan Imp,,,8000.0,12.34,6.22,7876.14,5427.47,-2448.67,-31.09,C:\Users\DHANVISHLP\my-mlops-project\data\raw\generation\raw\2024\2025-03-21.pdf,True,
2025-03-21,2024-25,ALL INDIA,R.E.S,167709.52,,,,,,,,,C:\Users\DHANVISHLP\my-mlops-project\data\raw\generation\raw\2024\2025-03-21.pdf,True,
2025-03-21,2024-25,ALL INDIA,Total,470448.16,302728.64,1656000.0,4669.95,4486.49,1609149.92,1529995.17,-79154.75,-4.92,C:\Users\DHANVISHLP\my-mlops-project\data\raw\generation\raw\2024\2025-03-21.pdf,True,
2025-03-22,2024-25,Northern,Thermal,55819.96,55819.96,322361.0,910.48,805.56,314123.76,289864.84,-24258.92,-7.72,C:\Users\DHANVISHLP\my-mlops-project\data\raw\generation\raw\2024\2025-03-22.pdf,True,
2025-03-22,2024-25,Northern,Nuclear,1620.0,1620.0,10793.0,35.12,15.57,10476.64,10772.45,295.81,2.82,C:\Users\DHANVISHLP\my-mlops-project\data\raw\generation\raw\2024\2025-03-22.pdf,True,
2025-03-22,2024-25,Northern,Hydro,19774.27,19774.27,80886.0,141.34,108.69,79613.48,75245.82,-4367.66,-5.49,C:\Users\DHANVISHLP\my-mlops-project\data\raw\generation\raw\2024\2025-03-22.pdf,True,
2025-03-22,2024-25,Northern,Total,77214.23,77214.23,414040.0,1086.94,929.82,404213.88,375883.11,-28330.77,-7.01,C:\Users\DHANVISHLP\my-mlops-project\data\raw\generation\raw\2024\2025-03-22.pdf,True,
2025-03-22,2024-25,Western,Thermal,97252.5,97252.5,544560.0,1562.06,1546.61,530503.93,528331.9,-2172.03,-0.41,C:\Users\DHANVISHLP\my-mlops-project\data\raw\generation\raw\2024\2025-03-22.pdf,True,
2025-03-22,2024-25,Western,Nuclear,3240.0,3240.0,22576.0,69.79,64.61,21947.38,20242.12,-1705.26,-7.77,C:\Users\DHANVISHLP\my-mlops-project\data\raw\generation\raw\2024\2025-03-22.pdf,True,
2025-03-22,2024-25,Western,Hydro,7392.0,7392.0,16573.0,38.55,47.29,16226.1,19262.48,3036.38,18.71,C:\Users\DHANVISHLP\my-mlops-project\data\raw\generation\raw\2024\2025-03-22.pdf,True,
2025-03-22,2024-25,Western,Total,107884.5,107884.5,583709.0,1670.4,1658.51,568677.41,567836.5,-840.91,-0.15,C:\Users\DHANVISHLP\my-mlops-project\data\raw\generation\raw\2024\2025-03-22.pdf,True,
2025-03-22,2024-25,Southern,Thermal,54177.34,54167.35,286830.0,862.47,759.11,279065.93,241754.06,-37311.87,-13.37,C:\Users\DHANVISHLP\my-mlops-project\data\raw\generation\raw\2024\2025-03-22.pdf,True,
2025-03-22,2024-25,Southern,Nuclear,3320.0,3320.0,21979.0,67.24,75.81,21373.28,24157.64,2784.36,13.03,C:\Users\DHANVISHLP\my-mlops-project\data\raw\generation\raw\2024\2025-03-22.pdf,True,
2025-03-22,2024-25,Southern,Hydro,11787.15,11787.15,30878.0,96.17,84.41,30010.74,33240.19,3229.45,10.76,C:\Users\DHANVISHLP\my-mlops-project\data\raw\generation\raw\2024\2025-03-22.pdf,True,
2025-03-22,2024-25,Southern,Total,69284.49,69274.5,339687.0,1025.88,919.33,330449.95,299151.89,-31298.06,-9.47,C:\Users\DHANVISHLP\my-mlops-project\data\raw\generation\raw\2024\2025-03-22.pdf,True,
2025-03-22,2024-25,Eastern,Thermal,37889.71,37889.71,275250.0,814.32,763.09,267922.06,254861.14,-13060.92,-4.87,C:\Users\DHANVISHLP\my-mlops-project\data\raw\generation\raw\2024\2025-03-22.pdf,True,
2025-03-22,2024-25,Eastern,Hydro,5987.75,5987.75,12220.0,20.67,17.91,12033.74,11008.03,-1025.71,-8.52,C:\Users\DHANVISHLP\my-mlops-project\data\raw\generation\raw\2024\2025-03-22.pdf,True,
2025-03-22,2024-25,Eastern,Total,43877.46,43877.46,287470.0,834.99,781.0,279955.8,265869.17,-14086.63,-5.03,C:\Users\DHANVISHLP\my-mlops-project\data\raw\generation\raw\2024\2025-03-22.pdf,True,
2025-03-22,2024-25,North Eastern,Thermal,2450.95,2450.96,15942.0,41.19,33.39,15572.13,12983.49,-2588.64,-16.62,C:\Users\DHANVISHLP\my-mlops-project\data\raw\generation\raw\2024\2025-03-22.pdf,True,
2025-03-22,2024-25,North Eastern,Hydro,2027.0,2027.0,7152.0,8.81,9.13,7072.82,7174.72,101.9,1.44,C:\Users\DHANVISHLP\my-mlops-project\data\raw\generation\raw\2024\2025-03-22.pdf,True,
2025-03-22,2024-25,North Eastern,Total,4477.95,4477.96,23094.0,50.0,42.52,22644.95,20158.21,-2486.74,-10.98,C:\Users\DHANVISHLP\my-mlops-project\data\raw\generation\raw\2024\2025-03-22.pdf,True,
2025-03-22,2024-25,ALL INDIA,Thermal,247590.47,247580.47,1444943.0,4190.52,3907.76,1407187.81,1327795.43,-79392.38,-5.64,C:\Users\DHANVISHLP\my-mlops-project\data\raw\generation\raw\2024\2025-03-22.pdf,True,
2025-03-22,2024-25,ALL INDIA,Nuclear,8180.0,8180.0,55348.0,172.15,155.99,53797.3,55172.21,1374.91,2.56,C:\Users\DHANVISHLP\my-mlops-project\data\raw\generation\raw\2024\2025-03-22.pdf,True,
2025-03-22,2024-25,ALL INDIA,Hydro,46968.17,46968.17,147709.0,305.54,267.43,144956.88,145931.24,974.36,0.67,C:\Users\DHANVISHLP\my-mlops-project\data\raw\generation\raw\2024\2025-03-22.pdf,True,
2025-03-22,2024-25,ALL INDIA,Bhutan Imp,,,8000.0,12.34,6.47,7888.48,5433.94,-2454.54,-31.12,C:\Users\DHANVISHLP\my-mlops-project\data\raw\generation\raw\2024\2025-03-22.pdf,True,
2025-03-22,2024-25,ALL INDIA,R.E.S,167709.52,,,,,,,,,C:\Users\DHANVISHLP\my-mlops-project\data\raw\generation\raw\2024\2025-03-22.pdf,True,
2025-03-22,2024-25,ALL INDIA,Total,470448.16,302728.64,1656000.0,4680.55,4337.65,1613830.47,1534332.82,-79497.65,-4.93,C:\Users\DHANVISHLP\my-mlops-project\data\raw\generation\raw\2024\2025-03-22.pdf,True,
2025-03-23,2024-25,Northern,Thermal,55819.96,55819.96,322361.0,910.48,769.17,315034.24,290634.01,-24400.23,-7.75,C:\Users\DHANVISHLP\my-mlops-project\data\raw\generation\raw\2024\2025-03-23.pdf,True,
2025-03-23,2024-25,Northern,Nuclear,1620.0,1620.0,10793.0,35.12,17.38,10511.76,10789.83,278.07,2.65,C:\Users\DHANVISHLP\my-mlops-project\data\raw\generation\raw\2024\2025-03-23.pdf,True,
2025-03-23,2024-25,Northern,Hydro,19774.27,19774.27,80886.0,141.34,109.88,79754.82,75355.7,-4399.12,-5.52,C:\Users\DHANVISHLP\my-mlops-project\data\raw\generation\raw\2024\2025-03-23.pdf,True,
2025-03-23,2024-25,Northern,Total,77214.23,77214.23,414040.0,1086.94,896.43,405300.82,376779.54,-28521.28,-7.04,C:\Users\DHANVISHLP\my-mlops-project\data\raw\generation\raw\2024\2025-03-23.pdf,True,
2025-03-23,2024-25,Western,Thermal,97252.5,97252.5,544560.0,1562.06,1519.49,532065.99,529851.39,-2214.6,-0.42,C:\Users\DHANVISHLP\my-mlops-project\data\raw\generation\raw\2024\2025-03-23.pdf,True,
2025-03-23,2024-25,Western,Nuclear,3240.0,3240.0,22576.0,69.79,64.7,22017.17,20306.82,-1710.35,-7.77,C:\Users\DHANVISHLP\my-mlops-project\data\raw\generation\raw\2024\2025-03-23.pdf,True,
2025-03-23,2024-25,Western,Hydro,7392.0,7392.0,16573.0,38.55,33.11,16264.65,19295.59,3030.94,18.64,C:\Users\DHANVISHLP\my-mlops-project\data\raw\generation\raw\2024\2025-03-23.pdf,True,
2025-03-23,2024-25,Western,Total,107884.5,107884.5,583709.0,1670.4,1617.3,570347.81,569453.8,-894.01,-0.16,C:\Users\DHANVISHLP\my-mlops-project\data\raw\generation\raw\2024\2025-03-23.pdf,True,
2025-03-23,2024-25,Southern,Thermal,54177.34,54167.35,286830.0,862.47,721.15,279928.4,242475.21,-37453.19,-13.38,C:\Users\DHANVISHLP\my-mlops-project\data\raw\generation\raw\2024\2025-03-23.pdf,True,
2025-03-23,2024-25,Southern,Nuclear,3320.0,3320.0,21979.0,67.24,75.84,21440.52,24233.48,2792.96,13.03,C:\Users\DHANVISHLP\my-mlops-project\data\raw\generation\raw\2024\2025-03-23.pdf,True,
2025-03-23,2024-25,Southern,Hydro,11787.15,11787.15,30878.0,96.17,68.15,30106.91,33308.34,3201.43,10.63,C:\Users\DHANVISHLP\my-mlops-project\data\raw\generation\raw\2024\2025-03-23.pdf,True,
2025-03-23,2024-25,Southern,Total,69284.49,69274.5,339687.0,1025.88,865.14,331475.83,300017.03,-31458.8,-9.49,C:\Users\DHANVISHLP\my-mlops-project\data\raw\generation\raw\2024\2025-03-23.pdf,True,
2025-03-23,2024-25,Eastern,Thermal,37889.71,37889.71,275250.0,814.32,729.73,268736.38,255590.87,-13145.51,-4.89,C:\Users\DHANVISHLP\my-mlops-project\data\raw\generation\raw\2024\2025-03-23.pdf,True,
2025-03-23,2024-25,Eastern,Hydro,5987.75,5987.75,12220.0,20.67,17.28,12054.41,11025.31,-1029.1,-8.54,C:\Users\DHANVISHLP\my-mlops-project\data\raw\generation\raw\2024\2025-03-23.pdf,True,
2025-03-23,2024-25,Eastern,Total,43877.46,43877.46,287470.0,834.99,747.01,280790.79,266616.18,-14174.61,-5.05,C:\Users\DHANVISHLP\my-mlops-project\data\raw\generation\raw\2024\2025-03-23.pdf,True,
2025-03-23,2024-25,North Eastern,Thermal,2450.95,2450.96,15942.0,41.19,32.85,15613.32,13016.34,-2596.98,-16.63,C:\Users\DHANVISHLP\my-mlops-project\data\raw\generation\raw\2024\2025-03-23.pdf,True,
2025-03-23,2024-25,North Eastern,Hydro,2027.0,2027.0,7152.0,8.81,9.46,7081.63,7184.18,102.55,1.45,C:\Users\DHANVISHLP\my-mlops-project\data\raw\generation\raw\2024\2025-03-23.pdf,True,
2025-03-23,2024-25,North Eastern,Total,4477.95,4477.96,23094.0,50.0,42.31,22694.95,20200.52,-2494.43,-10.99,C:\Users\DHANVISHLP\my-mlops-project\data\raw\generation\raw\2024\2025-03-23.pdf,True,
2025-03-23,2024-25,ALL INDIA,Thermal,247590.47,247580.47,1444943.0,4190.52,3772.39,1411378.33,1331567.82,-79810.51,-5.65,C:\Users\DHANVISHLP\my-mlops-project\data\raw\generation\raw\2024\2025-03-23.pdf,True,
2025-03-23,2024-25,ALL INDIA,Nuclear,8180.0,8180.0,55348.0,172.15,157.92,53969.45,55330.13,1360.68,2.52,C:\Users\DHANVISHLP\my-mlops-project\data\raw\generation\raw\2024\2025-03-23.pdf,True,
2025-03-23,2024-25,ALL INDIA,Hydro,46968.17,46968.17,147709.0,305.54,237.88,145262.42,146169.12,906.7,0.62,C:\Users\DHANVISHLP\my-mlops-project\data\raw\generation\raw\2024\2025-03-23.pdf,True,
2025-03-23,2024-25,ALL INDIA,Bhutan Imp,,,8000.0,12.34,5.85,7900.82,5439.79,-2461.03,-31.15,C:\Users\DHANVISHLP\my-mlops-project\data\raw\generation\raw\2024\2025-03-23.pdf,True,
2025-03-23,2024-25,ALL INDIA,R.E.S,167709.52,,,,,,,,,C:\Users\DHANVISHLP\my-mlops-project\data\raw\generation\raw\2024\2025-03-23.pdf,True,
2025-03-23,2024-25,ALL INDIA,Total,470448.16,302728.64,1656000.0,4680.55,4174.04,1618511.02,1538506.86,-80004.16,-4.94,C:\Users\DHANVISHLP\my-mlops-project\data\raw\generation\raw\2024\2025-03-23.pdf,True,
2025-03-24,2024-25,Northern,Thermal,55819.96,55819.96,322361.0,910.48,811.93,315944.72,291445.94,-24498.78,-7.75,C:\Users\DHANVISHLP\my-mlops-project\data\raw\generation\raw\2024\2025-03-24.pdf,True,
2025-03-24,2024-25,Northern,Nuclear,1620.0,1620.0,10793.0,35.12,25.07,10546.88,10814.9,268.02,2.54,C:\Users\DHANVISHLP\my-mlops-project\data\raw\generation\raw\2024\2025-03-24.pdf,True,
2025-03-24,2024-25,Northern,Hydro,19774.27,19774.27,80886.0,141.34,114.29,79896.16,75469.99,-4426.17,-5.54,C:\Users\DHANVISHLP\my-mlops-project\data\raw\generation\raw\2024\2025-03-24.pdf,True,
2025-03-24,2024-25,Northern,Total,77214.23,77214.23,414040.0,1086.94,951.29,406387.76,377730.83,-28656.93,-7.05,C:\Users\DHANVISHLP\my-mlops-project\data\raw\generation\raw\2024\2025-03-24.pdf,True,
2025-03-24,2024-25,Western,Thermal,97252.5,97252.5,544560.0,1562.06,1583.41,533628.05,531434.8,-2193.25,-0.41,C:\Users\DHANVISHLP\my-mlops-project\data\raw\generation\raw\2024\2025-03-24.pdf,True,
2025-03-24,2024-25,Western,Nuclear,3240.0,3240.0,22576.0,69.79,47.58,22086.96,20354.4,-1732.56,-7.84,C:\Users\DHANVISHLP\my-mlops-project\data\raw\generation\raw\2024\2025-03-24.pdf,True,
2025-03-24,2024-25,Western,Hydro,7392.0,7392.0,16573.0,38.55,49.25,16303.2,19344.84,3041.64,18.66,C:\Users\DHANVISHLP\my-mlops-project\data\raw\generation\raw\2024\2025-03-24.pdf,True,
2025-03-24,2024-25,Western,Total,107884.5,107884.5,583709.0,1670.4,1680.24,572018.21,571134.04,-884.17,-0.15,C:\Users\DHANVISHLP\my-mlops-project\data\raw\generation\raw\2024\2025-03-24.pdf,True,
2025-03-24,2024-25,Southern,Thermal,54177.34,54167.35,286830.0,862.47,768.85,280790.87,243244.06,-37546.81,-13.37,C:\Users\DHANVISHLP\my-mlops-project\data\raw\generation\raw\2024\2025-03-24.pdf,True,
2025-03-24,2024-25,Southern,Nuclear,3320.0,3320.0,21979.0,67.24,75.81,21507.76,24309.29,2801.53,13.03,C:\Users\DHANVISHLP\my-mlops-project\data\raw\generation\raw\2024\2025-03-24.pdf,True,
2025-03-24,2024-25,Southern,Hydro,11787.15,11787.15,30878.0,96.17,84.73,30203.08,33393.07,3189.99,10.56,C:\Users\DHANVISHLP\my-mlops-project\data\raw\generation\raw\2024\2025-03-24.pdf,True,
2025-03-24,2024-25,Southern,Total,69284.49,69274.5,339687.0,1025.88,929.39,332501.71,300946.42,-31555.29,-9.49,C:\Users\DHANVISHLP\my-mlops-project\data\raw\generation\raw\2024\2025-03-24.pdf,True,
2025-03-24,2024-25,Eastern,Thermal,37889.71,37889.71,275250.0,814.32,757.85,269550.7,256348.72,-13201.98,-4.9,C:\Users\DHANVISHLP\my-mlops-project\data\raw\generation\raw\2024\2025-03-24.pdf,True,
2025-03-24,2024-25,Eastern,Hydro,5987.75,5987.75,12220.0,20.67,18.64,12075.08,11043.95,-1031.13,-8.54,C:\Users\DHANVISHLP\my-mlops-project\data\raw\generation\raw\2024\2025-03-24.pdf,True,
2025-03-24,2024-25,Eastern,Total,43877.46,43877.46,287470.0,834.99,776.49,281625.78,267392.67,-14233.11,-5.05,C:\Users\DHANVISHLP\my-mlops-project\data\raw\generation\raw\2024\2025-03-24.pdf,True,
2025-03-24,2024-25,North Eastern,Thermal,2450.95,2450.96,15942.0,41.19,32.42,15654.51,13048.76,-2605.75,-16.65,C:\Users\DHANVISHLP\my-mlops-project\data\raw\generation\raw\2024\2025-03-24.pdf,True,
2025-03-24,2024-25,North Eastern,Hydro,2027.0,2027.0,7152.0,8.81,10.42,7090.44,7194.6,104.16,1.47,C:\Users\DHANVISHLP\my-mlops-project\data\raw\generation\raw\2024\2025-03-24.pdf,True,
2025-03-24,2024-25,North Eastern,Total,4477.95,4477.96,23094.0,50.0,42.84,22744.95,20243.36,-2501.59,-11.0,C:\Users\DHANVISHLP\my-mlops-project\data\raw\generation\raw\2024\2025-03-24.pdf,True,
2025-03-24,2024-25,ALL INDIA,Thermal,247590.47,247580.47,1444943.0,4190.52,3954.46,1415568.85,1335522.28,-80046.57,-5.65,C:\Users\DHANVISHLP\my-mlops-project\data\raw\generation\raw\2024\2025-03-24.pdf,True,
2025-03-24,2024-25,ALL INDIA,Nuclear,8180.0,8180.0,55348.0,172.15,148.46,54141.6,55478.59,1336.99,2.47,C:\Users\DHANVISHLP\my-mlops-project\data\raw\generation\raw\2024\2025-03-24.pdf,True,
2025-03-24,2024-25,ALL INDIA,Hydro,46968.17,46968.17,147709.0,305.54,277.33,145567.96,146446.45,878.49,0.6,C:\Users\DHANVISHLP\my-mlops-project\data\raw\generation\raw\2024\2025-03-24.pdf,True,
2025-03-24,2024-25,ALL INDIA,Bhutan Imp,,,8000.0,12.34,5.02,7913.16,5444.81,-2468.35,-31.19,C:\Users\DHANVISHLP\my-mlops-project\data\raw\generation\raw\2024\2025-03-24.pdf,True,
2025-03-24,2024-25,ALL INDIA,R.E.S,167709.52,,,,,,,,,C:\Users\DHANVISHLP\my-mlops-project\data\raw\generation\raw\2024\2025-03-24.pdf,True,
2025-03-24,2024-25,ALL INDIA,Total,470448.16,302728.64,1656000.0,4680.55,4385.27,1623191.57,1542892.13,-80299.44,-4.95,C:\Users\DHANVISHLP\my-mlops-project\data\raw\generation\raw\2024\2025-03-24.pdf,True,
2025-03-25,2024-25,Northern,Thermal,55819.96,55819.96,322361.0,910.48,837.52,316855.2,292283.46,-24571.74,-7.75,C:\Users\DHANVISHLP\my-mlops-project\data\raw\generation\raw\2024\2025-03-25.pdf,True,
2025-03-25,2024-25,Northern,Nuclear,1620.0,1620.0,10793.0,35.12,25.6,10582.0,10840.5,258.5,2.44,C:\Users\DHANVISHLP\my-mlops-project\data\raw\generation\raw\2024\2025-03-25.pdf,True,
2025-03-25,2024-25,Northern,Hydro,19774.27,19774.27,80886.0,141.34,125.86,80037.5,75595.85,-4441.65,-5.55,C:\Users\DHANVISHLP\my-mlops-project\data\raw\generation\raw\2024\2025-03-25.pdf,True,
2025-03-25,2024-25,Northern,Total,77214.23,77214.23,414040.0,1086.94,988.98,407474.7,378719.81,-28754.89,-7.06,C:\Users\DHANVISHLP\my-mlops-project\data\raw\generation\raw\2024\2025-03-25.pdf,True,
2025-03-25,2024-25,Western,Thermal,97252.5,97252.5,544560.0,1562.06,1588.8,535190.11,533023.6,-2166.51,-0.4,C:\Users\DHANVISHLP\my-mlops-project\data\raw\generation\raw\2024\2025-03-25.pdf,True,
2025-03-25,2024-25,Western,Nuclear,3240.0,3240.0,22576.0,69.79,49.93,22156.75,20404.33,-1752.42,-7.91,C:\Users\DHANVISHLP\my-mlops-project\data\raw\generation\raw\2024\2025-03-25.pdf,True,
2025-03-25,2024-25,Western,Hydro,7392.0,7392.0,16573.0,38.55,49.77,16341.75,19394.61,3052.86,18.68,C:\Users\DHANVISHLP\my-mlops-project\data\raw\generation\raw\2024\2025-03-25.pdf,True,
2025-03-25,2024-25,Western,Total,107884.5,107884.5,583709.0,1670.4,1688.5,573688.61,572822.54,-866.07,-0.15,C:\Users\DHANVISHLP\my-mlops-project\data\raw\generation\raw\2024\2025-03-25.pdf,True,
2025-03-25,2024-25,Southern,Thermal,54177.34,54167.35,286830.0,862.47,794.29,281653.34,244038.35,-37614.99,-13.36,C:\Users\DHANVISHLP\my-mlops-project\data\raw\generation\raw\2024\2025-03-25.pdf,True,
2025-03-25,2024-25,Southern,Nuclear,3320.0,3320.0,21979.0,67.24,75.93,21575.0,24385.22,2810.22,13.03,C:\Users\DHANVISHLP\my-mlops-project\data\raw\generation\raw\2024\2025-03-25.pdf,True,
2025-03-25,2024-25,Southern,Hydro,11787.15,11787.15,30878.0,96.17,85.96,30299.25,33479.03,3179.78,10.49,C:\Users\DHANVISHLP\my-mlops-project\data\raw\generation\raw\2024\2025-03-25.pdf,True,
2025-03-25,2024-25,Southern,Total,69284.49,69274.5,339687.0,1025.88,956.18,333527.59,301902.6,-31624.99,-9.48,C:\Users\DHANVISHLP\my-mlops-project\data\raw\generation\raw\2024\2025-03-25.pdf,True,
2025-03-25,2024-25,Eastern,Thermal,37889.71,37889.71,275250.0,814.32,751.91,270365.02,257100.63,-13264.39,-4.91,C:\Users\DHANVISHLP\my-mlops-project\data\raw\generation\raw\2024\2025-03-25.pdf,True,
2025-03-25,2024-25,Eastern,Hydro,5987.75,5987.75,12220.0,20.67,18.82,12095.75,11062.77,-1032.98,-8.54,C:\Users\DHANVISHLP\my-mlops-project\data\raw\generation\raw\2024\2025-03-25.pdf,True,
2025-03-25,2024-25,Eastern,Total,43877.46,43877.46,287470.0,834.99,770.73,282460.77,268163.4,-14297.37,-5.06,C:\Users\DHANVISHLP\my-mlops-project\data\raw\generation\raw\2024\2025-03-25.pdf,True,
2025-03-25,2024-25,North Eastern,Thermal,2450.95,2450.96,15942.0,41.19,33.69,15695.7,13082.45,-2613.25,-16.65,C:\Users\DHANVISHLP\my-mlops-project\data\raw\generation\raw\2024\2025-03-25.pdf,True,
2025-03-25,2024-25,North Eastern,Hydro,2027.0,2027.0,7152.0,8.81,9.99,7099.25,7204.59,105.34,1.48,C:\Users\DHANVISHLP\my-mlops-project\data\raw\generation\raw\2024\2025-03-25.pdf,True,
2025-03-25,2024-25,North Eastern,Total,4477.95,4477.96,23094.0,50.0,43.68,22794.95,20287.04,-2507.91,-11.0,C:\Users\DHANVISHLP\my-mlops-project\data\raw\generation\raw\2024\2025-03-25.pdf,True,
2025-03-25,2024-25,ALL INDIA,Thermal,247590.47,247580.47,1444943.0,4190.52,4006.21,1419759.37,1339528.49,-80230.88,-5.65,C:\Users\DHANVISHLP\my-mlops-project\data\raw\generation\raw\2024\2025-03-25.pdf,True,
2025-03-25,2024-25,ALL INDIA,Nuclear,8180.0,8180.0,55348.0,172.15,151.46,54313.75,55630.05,1316.3,2.42,C:\Users\DHANVISHLP\my-mlops-project\data\raw\generation\raw\2024\2025-03-25.pdf,True,
2025-03-25,2024-25,ALL INDIA,Hydro,46968.17,46968.17,147709.0,305.54,290.4,145873.5,146736.85,863.35,0.59,C:\Users\DHANVISHLP\my-mlops-project\data\raw\generation\raw\2024\2025-03-25.pdf,True,
2025-03-25,2024-25,ALL INDIA,Bhutan Imp,,,8000.0,12.34,4.23,7925.5,5449.04,-2476.46,-31.25,C:\Users\DHANVISHLP\my-mlops-project\data\raw\generation\raw\2024\2025-03-25.pdf,True,
2025-03-25,2024-25,ALL INDIA,R.E.S,167709.52,,,,,,,,,C:\Users\DHANVISHLP\my-mlops-project\data\raw\generation\raw\2024\2025-03-25.pdf,True,
2025-03-25,2024-25,ALL INDIA,Total,470448.16,302728.64,1656000.0,4680.55,4452.3,1627872.12,1547344.43,-80527.69,-4.95,C:\Users\DHANVISHLP\my-mlops-project\data\raw\generation\raw\2024\2025-03-25.pdf,True,
2025-03-26,2024-25,Northern,Thermal,55819.96,55819.96,322361.0,910.48,849.59,317765.68,293133.05,-24632.63,-7.75,C:\Users\DHANVISHLP\my-mlops-project\data\raw\generation\raw\2024\2025-03-26.pdf,True,
2025-03-26,2024-25,Northern,Nuclear,1620.0,1620.0,10793.0,35.12,25.57,10617.12,10866.07,248.95,2.34,C:\Users\DHANVISHLP\my-mlops-project\data\raw\generation\raw\2024\2025-03-26.pdf,True,
2025-03-26,2024-25,Northern,Hydro,19774.27,19774.27,80886.0,141.34,130.58,80178.84,75726.43,-4452.41,-5.55,C:\Users\DHANVISHLP\my-mlops-project\data\raw\generation\raw\2024\2025-03-26.pdf,True,
2025-03-26,2024-25,Northern,Total,77214.23,77214.23,414040.0,1086.94,1005.74,408561.64,379725.55,-28836.09,-7.06,C:\Users\DHANVISHLP\my-mlops-project\data\raw\generation\raw\2024\2025-03-26.pdf,True,
2025-03-26,2024-25,Western,Thermal,97252.5,97252.5,544560.0,1562.06,1598.67,536752.17,534622.27,-2129.9,-0.4,C:\Users\DHANVISHLP\my-mlops-project\data\raw\generation\raw\2024\2025-03-26.pdf,True,
2025-03-26,2024-25,Western,Nuclear,3240.0,3240.0,22576.0,69.79,50.04,22226.54,20454.37,-1772.17,-7.97,C:\Users\DHANVISHLP\my-mlops-project\data\raw\generation\raw\2024\2025-03-26.pdf,True,
2025-03-26,2024-25,Western,Hydro,7392.0,7392.0,16573.0,38.55,52.73,16380.3,19447.34,3067.04,18.72,C:\Users\DHANVISHLP\my-mlops-project\data\raw\generation\raw\2024\2025-03-26.pdf,True,
2025-03-26,2024-25,Western,Total,107884.5,107884.5,583709.0,1670.4,1701.44,575359.01,574523.98,-835.03,-0.15,C:\Users\DHANVISHLP\my-mlops-project\data\raw\generation\raw\2024\2025-03-26.pdf,True,
2025-03-26,2024-25,Southern,Thermal,54177.34,54167.35,286830.0,862.47,792.26,282515.81,244830.61,-37685.2,-13.34,C:\Users\DHANVISHLP\my-mlops-project\data\raw\generation\raw\2024\2025-03-26.pdf,True,
2025-03-26,2024-25,Southern,Nuclear,3320.0,3320.0,21979.0,67.24,76.05,21642.24,24461.27,2819.03,13.03,C:\Users\DHANVISHLP\my-mlops-project\data\raw\generation\raw\2024\2025-03-26.pdf,True,
2025-03-26,2024-25,Southern,Hydro,11847.15,11847.15,30878.0,96.17,82.65,30395.42,33561.68,3166.26,10.42,C:\Users\DHANVISHLP\my-mlops-project\data\raw\generation\raw\2024\2025-03-26.pdf,True,
2025-03-26,2024-25,Southern,Total,69344.49,69334.5,339687.0,1025.88,950.96,334553.47,302853.56,-31699.91,-9.48,C:\Users\DHANVISHLP\my-mlops-project\data\raw\generation\raw\2024\2025-03-26.pdf,True,
2025-03-26,2024-25,Eastern,Thermal,37889.71,37889.71,275250.0,814.32,753.14,271179.34,257853.77,-13325.57,-4.91,C:\Users\DHANVISHLP\my-mlops-project\data\raw\generation\raw\2024\2025-03-26.pdf,True,
2025-03-26,2024-25,Eastern,Hydro,5987.75,5987.75,12220.0,20.67,22.34,12116.42,11085.11,-1031.31,-8.51,C:\Users\DHANVISHLP\my-mlops-project\data\raw\generation\raw\2024\2025-03-26.pdf,True,
2025-03-26,2024-25,Eastern,Total,43877.46,43877.46,287470.0,834.99,775.48,283295.76,268938.88,-14356.88,-5.07,C:\Users\DHANVISHLP\my-mlops-project\data\raw\generation\raw\2024\2025-03-26.pdf,True,
2025-03-26,2024-25,North Eastern,Thermal,2450.95,2450.95,15942.0,41.19,33.71,15736.89,13116.16,-2620.73,-16.65,C:\Users\DHANVISHLP\my-mlops-project\data\raw\generation\raw\2024\2025-03-26.pdf,True,
2025-03-26,2024-25,North Eastern,Hydro,2027.0,2027.0,7152.0,8.81,10.18,7108.06,7214.77,106.71,1.5,C:\Users\DHANVISHLP\my-mlops-project\data\raw\generation\raw\2024\2025-03-26.pdf,True,
2025-03-26,2024-25,North Eastern,Total,4477.95,4477.95,23094.0,50.0,43.89,22844.95,20330.93,-2514.02,-11.0,C:\Users\DHANVISHLP\my-mlops-project\data\raw\generation\raw\2024\2025-03-26.pdf,True,
2025-03-26,2024-25,ALL INDIA,Thermal,247590.47,247580.47,1444943.0,4190.52,4027.37,1423949.89,1343555.86,-80394.03,-5.65,C:\Users\DHANVISHLP\my-mlops-project\data\raw\generation\raw\2024\2025-03-26.pdf,True,
2025-03-26,2024-25,ALL INDIA,Nuclear,8180.0,8180.0,55348.0,172.15,151.66,54485.9,55781.71,1295.81,2.38,C:\Users\DHANVISHLP\my-mlops-project\data\raw\generation\raw\2024\2025-03-26.pdf,True,
2025-03-26,2024-25,ALL INDIA,Hydro,47028.17,47028.17,147709.0,305.54,298.48,146179.04,147035.33,856.29,0.59,C:\Users\DHANVISHLP\my-mlops-project\data\raw\generation\raw\2024\2025-03-26.pdf,True,
2025-03-26,2024-25,ALL INDIA,Bhutan Imp,,,8000.0,12.34,2.83,7937.84,5451.87,-2485.97,-31.32,C:\Users\DHANVISHLP\my-mlops-project\data\raw\generation\raw\2024\2025-03-26.pdf,True,
2025-03-26,2024-25,ALL INDIA,R.E.S,167709.52,,,,,,,,,C:\Users\DHANVISHLP\my-mlops-project\data\raw\generation\raw\2024\2025-03-26.pdf,True,
2025-03-26,2024-25,ALL INDIA,Total,470508.16,302788.64,1656000.0,4680.55,4480.34,1632552.67,1551824.77,-80727.9,-4.94,C:\Users\DHANVISHLP\my-mlops-project\data\raw\generation\raw\2024\2025-03-26.pdf,True,
2025-03-27,2024-25,Northern,Thermal,55819.96,55819.96,322361.0,917.36,855.58,318683.04,293988.63,-24694.41,-7.75,C:\Users\DHANVISHLP\my-mlops-project\data\raw\generation\raw\2024\2025-03-27.pdf,True,
2025-03-27,2024-25,Northern,Nuclear,1620.0,1620.0,10793.0,35.12,29.45,10652.24,10895.52,243.28,2.28,C:\Users\DHANVISHLP\my-mlops-project\data\raw\generation\raw\2024\2025-03-27.pdf,True,
2025-03-27,2024-25,Northern,Hydro,19774.27,19774.27,80886.0,141.34,125.51,80320.18,75851.94,-4468.24,-5.56,C:\Users\DHANVISHLP\my-mlops-project\data\raw\generation\raw\2024\2025-03-27.pdf,True,
2025-03-27,2024-25,Northern,Total,77214.23,77214.23,414040.0,1093.82,1010.54,409655.46,380736.09,-28919.37,-7.06,C:\Users\DHANVISHLP\my-mlops-project\data\raw\generation\raw\2024\2025-03-27.pdf,True,
2025-03-27,2024-25,Western,Thermal,97252.5,97252.5,544560.0,1562.06,1612.34,538314.23,536234.61,-2079.62,-0.39,C:\Users\DHANVISHLP\my-mlops-project\data\raw\generation\raw\2024\2025-03-27.pdf,True,
2025-03-27,2024-25,Western,Nuclear,3240.0,3240.0,22576.0,69.79,56.86,22296.33,20511.23,-1785.1,-8.01,C:\Users\DHANVISHLP\my-mlops-project\data\raw\generation\raw\2024\2025-03-27.pdf,True,
2025-03-27,2024-25,Western,Hydro,7392.0,7392.0,16573.0,38.55,46.17,16418.85,19493.51,3074.66,18.73,C:\Users\DHANVISHLP\my-mlops-project\data\raw\generation\raw\2024\2025-03-27.pdf,True,
2025-03-27,2024-25,Western,Total,107884.5,107884.5,583709.0,1670.4,1715.37,577029.41,576239.35,-790.06,-0.14,C:\Users\DHANVISHLP\my-mlops-project\data\raw\generation\raw\2024\2025-03-27.pdf,True,
2025-03-27,2024-25,Southern,Thermal,54177.34,54167.35,286830.0,862.47,813.28,283378.28,245643.89,-37734.39,-13.32,C:\Users\DHANVISHLP\my-mlops-project\data\raw\generation\raw\2024\2025-03-27.pdf,True,
2025-03-27,2024-25,Southern,Nuclear,3320.0,3320.0,21979.0,67.24,76.05,21709.48,24537.32,2827.84,13.03,C:\Users\DHANVISHLP\my-mlops-project\data\raw\generation\raw\2024\2025-03-27.pdf,True,
2025-03-27,2024-25,Southern,Hydro,11847.15,11847.15,30878.0,96.17,95.28,30491.59,33656.96,3165.37,10.38,C:\Users\DHANVISHLP\my-mlops-project\data\raw\generation\raw\2024\2025-03-27.pdf,True,
2025-03-27,2024-25,Southern,Total,69344.49,69334.5,339687.0,1025.88,984.61,335579.35,303838.17,-31741.18,-9.46,C:\Users\DHANVISHLP\my-mlops-project\data\raw\generation\raw\2024\2025-03-27.pdf,True,
2025-03-27,2024-25,Eastern,Thermal,37889.71,37889.71,275250.0,814.32,757.84,271993.66,258611.61,-13382.05,-4.92,C:\Users\DHANVISHLP\my-mlops-project\data\raw\generation\raw\2024\2025-03-27.pdf,True,
2025-03-27,2024-25,Eastern,Hydro,5987.75,5987.75,12220.0,20.67,23.78,12137.09,11108.89,-1028.2,-8.47,C:\Users\DHANVISHLP\my-mlops-project\data\raw\generation\raw\2024\2025-03-27.pdf,True,
2025-03-27,2024-25,Eastern,Total,43877.46,43877.46,287470.0,834.99,781.62,284130.75,269720.5,-14410.25,-5.07,C:\Users\DHANVISHLP\my-mlops-project\data\raw\generation\raw\2024\2025-03-27.pdf,True,
2025-03-27,2024-25,North Eastern,Thermal,2450.95,2450.95,15942.0,41.19,34.09,15778.08,13150.25,-2627.83,-16.65,C:\Users\DHANVISHLP\my-mlops-project\data\raw\generation\raw\2024\2025-03-27.pdf,True,
2025-03-27,2024-25,North Eastern,Hydro,2027.0,2027.0,7152.0,8.81,10.44,7116.87,7225.21,108.34,1.52,C:\Users\DHANVISHLP\my-mlops-project\data\raw\generation\raw\2024\2025-03-27.pdf,True,
2025-03-27,2024-25,North Eastern,Total,4477.95,4477.95,23094.0,50.0,44.53,22894.95,20375.46,-2519.49,-11.0,C:\Users\DHANVISHLP\my-mlops-project\data\raw\generation\raw\2024\2025-03-27.pdf,True,
2025-03-27,2024-25,ALL INDIA,Thermal,247590.47,247580.47,1444943.0,4197.4,4073.13,1428147.29,1347628.99,-80518.3,-5.64,C:\Users\DHANVISHLP\my-mlops-project\data\raw\generation\raw\2024\2025-03-27.pdf,True,
2025-03-27,2024-25,ALL INDIA,Nuclear,8180.0,8180.0,55348.0,172.15,162.36,54658.05,55944.07,1286.02,2.35,C:\Users\DHANVISHLP\my-mlops-project\data\raw\generation\raw\2024\2025-03-27.pdf,True,
2025-03-27,2024-25,ALL INDIA,Hydro,47028.17,47028.17,147709.0,305.54,301.18,146484.58,147336.51,851.93,0.58,C:\Users\DHANVISHLP\my-mlops-project\data\raw\generation\raw\2024\2025-03-27.pdf,True,
2025-03-27,2024-25,ALL INDIA,Bhutan Imp,,,8000.0,12.34,4.29,7950.18,5456.16,-2494.02,-31.37,C:\Users\DHANVISHLP\my-mlops-project\data\raw\generation\raw\2024\2025-03-27.pdf,True,
2025-03-27,2024-25,ALL INDIA,R.E.S,167709.52,,,,,,,,,C:\Users\DHANVISHLP\my-mlops-project\data\raw\generation\raw\2024\2025-03-27.pdf,True,
2025-03-27,2024-25,ALL INDIA,Total,470508.16,302788.64,1656000.0,4687.43,4540.96,1637240.1,1556365.73,-80874.37,-4.94,C:\Users\DHANVISHLP\my-mlops-project\data\raw\generation\raw\2024\2025-03-27.pdf,True,
2025-03-28,2024-25,Northern,Thermal,55819.96,55819.96,322361.0,917.86,834.21,319600.9,294822.84,-24778.06,-7.75,C:\Users\DHANVISHLP\my-mlops-project\data\raw\generation\raw\2024\2025-03-28.pdf,True,
2025-03-28,2024-25,Northern,Nuclear,1620.0,1620.0,10793.0,35.12,31.68,10687.36,10927.2,239.84,2.24,C:\Users\DHANVISHLP\my-mlops-project\data\raw\generation\raw\2024\2025-03-28.pdf,True,
2025-03-28,2024-25,Northern,Hydro,19774.27,19774.27,80886.0,141.34,127.83,80461.52,75979.77,-4481.75,-5.57,C:\Users\DHANVISHLP\my-mlops-project\data\raw\generation\raw\2024\2025-03-28.pdf,True,
2025-03-28,2024-25,Northern,Total,77214.23,77214.23,414040.0,1094.32,993.72,410749.78,381729.81,-29019.97,-7.07,C:\Users\DHANVISHLP\my-mlops-project\data\raw\generation\raw\2024\2025-03-28.pdf,True,
2025-03-28,2024-25,Western,Thermal,96597.5,96597.5,544560.0,1562.06,1588.68,539876.29,537823.29,-2053.0,-0.38,C:\Users\DHANVISHLP\my-mlops-project\data\raw\generation\raw\2024\2025-03-28.pdf,True,
2025-03-28,2024-25,Western,Nuclear,3240.0,3240.0,22576.0,69.79,64.15,22366.12,20575.38,-1790.74,-8.01,C:\Users\DHANVISHLP\my-mlops-project\data\raw\generation\raw\2024\2025-03-28.pdf,True,
2025-03-28,2024-25,Western,Hydro,7392.0,7392.0,16573.0,38.55,53.87,16457.4,19547.38,3089.98,18.78,C:\Users\DHANVISHLP\my-mlops-project\data\raw\generation\raw\2024\2025-03-28.pdf,True,
2025-03-28,2024-25,Western,Total,107229.5,107229.5,583709.0,1670.4,1706.7,578699.81,577946.05,-753.76,-0.13,C:\Users\DHANVISHLP\my-mlops-project\data\raw\generation\raw\2024\2025-03-28.pdf,True,
2025-03-28,2024-25,Southern,Thermal,54177.34,54167.35,286830.0,863.08,828.15,284241.36,246472.04,-37769.32,-13.29,C:\Users\DHANVISHLP\my-mlops-project\data\raw\generation\raw\2024\2025-03-28.pdf,True,
2025-03-28,2024-25,Southern,Nuclear,3320.0,3320.0,21979.0,67.24,76.11,21776.72,24613.43,2836.71,13.03,C:\Users\DHANVISHLP\my-mlops-project\data\raw\generation\raw\2024\2025-03-28.pdf,True,
2025-03-28,2024-25,Southern,Hydro,11847.15,11847.15,30878.0,96.17,84.52,30587.76,33741.48,3153.72,10.31,C:\Users\DHANVISHLP\my-mlops-project\data\raw\generation\raw\2024\2025-03-28.pdf,True,
2025-03-28,2024-25,Southern,Total,69344.49,69334.5,339687.0,1026.49,988.78,336605.84,304826.95,-31778.89,-9.44,C:\Users\DHANVISHLP\my-mlops-project\data\raw\generation\raw\2024\2025-03-28.pdf,True,
2025-03-28,2024-25,Eastern,Thermal,37889.71,37889.71,275250.0,814.32,758.12,272807.98,259369.73,-13438.25,-4.93,C:\Users\DHANVISHLP\my-mlops-project\data\raw\generation\raw\2024\2025-03-28.pdf,True,
2025-03-28,2024-25,Eastern,Hydro,5987.75,5987.75,12220.0,20.67,22.58,12157.76,11131.47,-1026.29,-8.44,C:\Users\DHANVISHLP\my-mlops-project\data\raw\generation\raw\2024\2025-03-28.pdf,True,
2025-03-28,2024-25,Eastern,Total,43877.46,43877.46,287470.0,834.99,780.7,284965.74,270501.2,-14464.54,-5.08,C:\Users\DHANVISHLP\my-mlops-project\data\raw\generation\raw\2024\2025-03-28.pdf,True,
2025-03-28,2024-25,North Eastern,Thermal,2450.95,2450.95,15942.0,41.19,33.31,15819.27,13183.56,-2635.71,-16.66,C:\Users\DHANVISHLP\my-mlops-project\data\raw\generation\raw\2024\2025-03-28.pdf,True,
2025-03-28,2024-25,North Eastern,Hydro,2027.0,2027.0,7152.0,8.81,10.46,7125.68,7235.67,109.99,1.54,C:\Users\DHANVISHLP\my-mlops-project\data\raw\generation\raw\2024\2025-03-28.pdf,True,
2025-03-28,2024-25,North Eastern,Total,4477.95,4477.95,23094.0,50.0,43.77,22944.95,20419.23,-2525.72,-11.01,C:\Users\DHANVISHLP\my-mlops-project\data\raw\generation\raw\2024\2025-03-28.pdf,True,
2025-03-28,2024-25,ALL INDIA,Thermal,246935.47,246925.47,1444943.0,4198.51,4042.47,1432345.8,1351671.46,-80674.34,-5.63,C:\Users\DHANVISHLP\my-mlops-project\data\raw\generation\raw\2024\2025-03-28.pdf,True,
2025-03-28,2024-25,ALL INDIA,Nuclear,8180.0,8180.0,55348.0,172.15,171.94,54830.2,56116.01,1285.81,2.35,C:\Users\DHANVISHLP\my-mlops-project\data\raw\generation\raw\2024\2025-03-28.pdf,True,
2025-03-28,2024-25,ALL INDIA,Hydro,47028.17,47028.17,147709.0,305.54,299.26,146790.12,147635.77,845.65,0.58,C:\Users\DHANVISHLP\my-mlops-project\data\raw\generation\raw\2024\2025-03-28.pdf,True,
2025-03-28,2024-25,ALL INDIA,Bhutan Imp,,,8000.0,12.34,2.66,7962.52,5458.82,-2503.7,-31.44,C:\Users\DHANVISHLP\my-mlops-project\data\raw\generation\raw\2024\2025-03-28.pdf,True,
2025-03-28,2024-25,ALL INDIA,R.E.S,167709.52,,,,,,,,,C:\Users\DHANVISHLP\my-mlops-project\data\raw\generation\raw\2024\2025-03-28.pdf,True,
2025-03-28,2024-25,ALL INDIA,Total,469853.16,302133.64,1656000.0,4688.54,4516.33,1641928.64,1560882.06,-81046.58,-4.94,C:\Users\DHANVISHLP\my-mlops-project\data\raw\generation\raw\2024\2025-03-28.pdf,True,
2025-03-29,2024-25,Northern,Thermal,55819.96,55819.96,322361.0,918.53,772.14,320519.43,295594.98,-24924.45,-7.78,C:\Users\DHANVISHLP\my-mlops-project\data\raw\generation\raw\2024\2025-03-29.pdf,True,
2025-03-29,2024-25,Northern,Nuclear,1620.0,1620.0,10793.0,35.12,32.01,10722.48,10959.21,236.73,2.21,C:\Users\DHANVISHLP\my-mlops-project\data\raw\generation\raw\2024\2025-03-29.pdf,True,
2025-03-29,2024-25,Northern,Hydro,19774.27,19774.27,80886.0,141.34,126.75,80602.86,76106.52,-4496.34,-5.58,C:\Users\DHANVISHLP\my-mlops-project\data\raw\generation\raw\2024\2025-03-29.pdf,True,
2025-03-29,2024-25,Northern,Total,77214.23,77214.23,414040.0,1094.99,930.9,411844.77,382660.71,-29184.06,-7.09,C:\Users\DHANVISHLP\my-mlops-project\data\raw\generation\raw\2024\2025-03-29.pdf,True,
2025-03-29,2024-25,Western,Thermal,96597.5,96597.5,544560.0,1562.06,1545.87,541438.35,539369.16,-2069.19,-0.38,C:\Users\DHANVISHLP\my-mlops-project\data\raw\generation\raw\2024\2025-03-29.pdf,True,
2025-03-29,2024-25,Western,Nuclear,3240.0,3240.0,22576.0,69.79,64.92,22435.91,20640.3,-1795.61,-8.0,C:\Users\DHANVISHLP\my-mlops-project\data\raw\generation\raw\2024\2025-03-29.pdf,True,
2025-03-29,2024-25,Western,Hydro,7392.0,7392.0,16573.0,38.55,63.93,16495.95,19611.31,3115.36,18.89,C:\Users\DHANVISHLP\my-mlops-project\data\raw\generation\raw\2024\2025-03-29.pdf,True,
2025-03-29,2024-25,Western,Total,107229.5,107229.5,583709.0,1670.4,1674.72,580370.21,579620.77,-749.44,-0.13,C:\Users\DHANVISHLP\my-mlops-project\data\raw\generation\raw\2024\2025-03-29.pdf,True,
2025-03-29,2024-25,Southern,Thermal,54177.34,54167.35,286830.0,863.08,816.65,285104.44,247288.69,-37815.75,-13.26,C:\Users\DHANVISHLP\my-mlops-project\data\raw\generation\raw\2024\2025-03-29.pdf,True,
2025-03-29,2024-25,Southern,Nuclear,3320.0,3320.0,21979.0,67.24,76.11,21843.96,24689.54,2845.58,13.03,C:\Users\DHANVISHLP\my-mlops-project\data\raw\generation\raw\2024\2025-03-29.pdf,True,
2025-03-29,2024-25,Southern,Hydro,11847.15,11847.15,30878.0,96.17,75.77,30683.93,33817.25,3133.32,10.21,C:\Users\DHANVISHLP\my-mlops-project\data\raw\generation\raw\2024\2025-03-29.pdf,True,
2025-03-29,2024-25,Southern,Total,69344.49,69334.5,339687.0,1026.49,968.53,337632.33,305795.48,-31836.85,-9.43,C:\Users\DHANVISHLP\my-mlops-project\data\raw\generation\raw\2024\2025-03-29.pdf,True,
2025-03-29,2024-25,Eastern,Thermal,37889.71,37889.71,275250.0,814.32,762.35,273622.3,260132.08,-13490.22,-4.93,C:\Users\DHANVISHLP\my-mlops-project\data\raw\generation\raw\2024\2025-03-29.pdf,True,
2025-03-29,2024-25,Eastern,Hydro,5987.75,5987.75,12220.0,20.67,19.99,12178.43,11151.46,-1026.97,-8.43,C:\Users\DHANVISHLP\my-mlops-project\data\raw\generation\raw\2024\2025-03-29.pdf,True,
2025-03-29,2024-25,Eastern,Total,43877.46,43877.46,287470.0,834.99,782.34,285800.73,271283.54,-14517.19,-5.08,C:\Users\DHANVISHLP\my-mlops-project\data\raw\generation\raw\2024\2025-03-29.pdf,True,
2025-03-29,2024-25,North Eastern,Thermal,2450.95,2450.95,15942.0,41.19,33.11,15860.46,13216.67,-2643.79,-16.67,C:\Users\DHANVISHLP\my-mlops-project\data\raw\generation\raw\2024\2025-03-29.pdf,True,
2025-03-29,2024-25,North Eastern,Hydro,2027.0,2027.0,7152.0,8.81,9.79,7134.49,7245.46,110.97,1.56,C:\Users\DHANVISHLP\my-mlops-project\data\raw\generation\raw\2024\2025-03-29.pdf,True,
2025-03-29,2024-25,North Eastern,Total,4477.95,4477.95,23094.0,50.0,42.9,22994.95,20462.13,-2532.82,-11.01,C:\Users\DHANVISHLP\my-mlops-project\data\raw\generation\raw\2024\2025-03-29.pdf,True,
2025-03-29,2024-25,ALL INDIA,Thermal,246935.47,246925.47,1444943.0,4199.18,3930.12,1436544.98,1355601.58,-80943.4,-5.63,C:\Users\DHANVISHLP\my-mlops-project\data\raw\generation\raw\2024\2025-03-29.pdf,True,
2025-03-29,2024-25,ALL INDIA,Nuclear,8180.0,8180.0,55348.0,172.15,173.04,55002.35,56289.05,1286.7,2.34,C:\Users\DHANVISHLP\my-mlops-project\data\raw\generation\raw\2024\2025-03-29.pdf,True,
2025-03-29,2024-25,ALL INDIA,Hydro,47028.17,47028.17,147709.0,305.54,296.23,147095.66,147932.0,836.34,0.57,C:\Users\DHANVISHLP\my-mlops-project\data\raw\generation\raw\2024\2025-03-29.pdf,True,
2025-03-29,2024-25,ALL INDIA,Bhutan Imp,,,8000.0,12.34,3.41,7974.86,5462.23,-2512.63,-31.51,C:\Users\DHANVISHLP\my-mlops-project\data\raw\generation\raw\2024\2025-03-29.pdf,True,
2025-03-29,2024-25,ALL INDIA,R.E.S,167709.52,,,,,,,,,C:\Users\DHANVISHLP\my-mlops-project\data\raw\generation\raw\2024\2025-03-29.pdf,True,
2025-03-29,2024-25,ALL INDIA,Total,469853.16,302133.64,1656000.0,4689.21,4402.8,1646617.85,1565284.86,-81332.99,-4.94,C:\Users\DHANVISHLP\my-mlops-project\data\raw\generation\raw\2024\2025-03-29.pdf,True,
2025-03-30,2024-25,Northern,Thermal,55819.96,55819.96,322361.0,919.03,767.11,321438.46,296362.09,-25076.37,-7.8,C:\Users\DHANVISHLP\my-mlops-project\data\raw\generation\raw\2024\2025-03-30.pdf,True,
2025-03-30,2024-25,Northern,Nuclear,1620.0,1620.0,10793.0,35.12,31.86,10757.6,10991.07,233.47,2.17,C:\Users\DHANVISHLP\my-mlops-project\data\raw\generation\raw\2024\2025-03-30.pdf,True,
2025-03-30,2024-25,Northern,Hydro,20474.26,20474.26,80886.0,141.34,126.46,80744.2,76232.98,-4511.22,-5.59,C:\Users\DHANVISHLP\my-mlops-project\data\raw\generation\raw\2024\2025-03-30.pdf,True,
2025-03-30,2024-25,Northern,Total,77914.22,77914.22,414040.0,1095.49,925.43,412940.26,383586.14,-29354.12,-7.11,C:\Users\DHANVISHLP\my-mlops-project\data\raw\generation\raw\2024\2025-03-30.pdf,True,
2025-03-30,2024-25,Western,Thermal,96597.5,96597.5,544560.0,1562.06,1523.33,543000.41,540892.49,-2107.92,-0.39,C:\Users\DHANVISHLP\my-mlops-project\data\raw\generation\raw\2024\2025-03-30.pdf,True,
2025-03-30,2024-25,Western,Nuclear,3240.0,3240.0,22576.0,69.79,63.52,22505.7,20703.82,-1801.88,-8.01,C:\Users\DHANVISHLP\my-mlops-project\data\raw\generation\raw\2024\2025-03-30.pdf,True,
2025-03-30,2024-25,Western,Hydro,7392.0,7392.0,16573.0,38.55,36.26,16534.5,19647.57,3113.07,18.83,C:\Users\DHANVISHLP\my-mlops-project\data\raw\generation\raw\2024\2025-03-30.pdf,True,
2025-03-30,2024-25,Western,Total,107229.5,107229.5,583709.0,1670.4,1623.11,582040.61,581243.88,-796.73,-0.14,C:\Users\DHANVISHLP\my-mlops-project\data\raw\generation\raw\2024\2025-03-30.pdf,True,
2025-03-30,2024-25,Southern,Thermal,54177.34,54167.35,286830.0,863.08,794.44,285967.52,248083.13,-37884.39,-13.25,C:\Users\DHANVISHLP\my-mlops-project\data\raw\generation\raw\2024\2025-03-30.pdf,True,
2025-03-30,2024-25,Southern,Nuclear,3320.0,3320.0,21979.0,67.24,76.22,21911.2,24765.76,2854.56,13.03,C:\Users\DHANVISHLP\my-mlops-project\data\raw\generation\raw\2024\2025-03-30.pdf,True,
2025-03-30,2024-25,Southern,Hydro,11847.15,11847.15,30878.0,96.17,68.17,30780.1,33885.42,3105.32,10.09,C:\Users\DHANVISHLP\my-mlops-project\data\raw\generation\raw\2024\2025-03-30.pdf,True,
2025-03-30,2024-25,Southern,Total,69344.49,69334.5,339687.0,1026.49,938.83,338658.82,306734.31,-31924.51,-9.43,C:\Users\DHANVISHLP\my-mlops-project\data\raw\generation\raw\2024\2025-03-30.pdf,True,
2025-03-30,2024-25,Eastern,Thermal,37889.71,37889.71,275250.0,814.32,743.94,274436.62,260876.02,-13560.6,-4.94,C:\Users\DHANVISHLP\my-mlops-project\data\raw\generation\raw\2024\2025-03-30.pdf,True,
2025-03-30,2024-25,Eastern,Hydro,5987.75,5987.75,12220.0,20.67,19.75,12199.1,11171.21,-1027.89,-8.43,C:\Users\DHANVISHLP\my-mlops-project\data\raw\generation\raw\2024\2025-03-30.pdf,True,
2025-03-30,2024-25,Eastern,Total,43877.46,43877.46,287470.0,834.99,763.69,286635.72,272047.23,-14588.49,-5.09,C:\Users\DHANVISHLP\my-mlops-project\data\raw\generation\raw\2024\2025-03-30.pdf,True,
2025-03-30,2024-25,North Eastern,Thermal,2450.95,2450.95,15942.0,41.19,30.63,15901.65,13247.3,-2654.35,-16.69,C:\Users\DHANVISHLP\my-mlops-project\data\raw\generation\raw\2024\2025-03-30.pdf,True,
2025-03-30,2024-25,North Eastern,Hydro,2027.0,2027.0,7152.0,8.81,11.93,7143.3,7257.39,114.09,1.6,C:\Users\DHANVISHLP\my-mlops-project\data\raw\generation\raw\2024\2025-03-30.pdf,True,
2025-03-30,2024-25,North Eastern,Total,4477.95,4477.95,23094.0,50.0,42.56,23044.95,20504.69,-2540.26,-11.02,C:\Users\DHANVISHLP\my-mlops-project\data\raw\generation\raw\2024\2025-03-30.pdf,True,
2025-03-30,2024-25,ALL INDIA,Thermal,246935.47,246925.47,1444943.0,4199.68,3859.45,1440744.66,1359461.03,-81283.63,-5.64,C:\Users\DHANVISHLP\my-mlops-project\data\raw\generation\raw\2024\2025-03-30.pdf,True,
2025-03-30,2024-25,ALL INDIA,Nuclear,8180.0,8180.0,55348.0,172.15,171.6,55174.5,56460.65,1286.15,2.33,C:\Users\DHANVISHLP\my-mlops-project\data\raw\generation\raw\2024\2025-03-30.pdf,True,
2025-03-30,2024-25,ALL INDIA,Hydro,47728.16,47728.16,147709.0,305.54,262.57,147401.2,148194.57,793.37,0.54,C:\Users\DHANVISHLP\my-mlops-project\data\raw\generation\raw\2024\2025-03-30.pdf,True,
2025-03-30,2024-25,ALL INDIA,Bhutan Imp,,,8000.0,12.34,4.36,7987.2,5466.59,-2520.61,-31.56,C:\Users\DHANVISHLP\my-mlops-project\data\raw\generation\raw\2024\2025-03-30.pdf,True,
2025-03-30,2024-25,ALL INDIA,R.E.S,167709.52,,,,,,,,,C:\Users\DHANVISHLP\my-mlops-project\data\raw\generation\raw\2024\2025-03-30.pdf,True,
2025-03-30,2024-25,ALL INDIA,Total,470553.15,302833.63,1656000.0,4689.71,4297.98,1651307.56,1569582.84,-81724.72,-4.95,C:\Users\DHANVISHLP\my-mlops-project\data\raw\generation\raw\2024\2025-03-30.pdf,True,
2025-03-31,2024-25,Northern,Thermal,55819.96,55819.96,322361.0,923.03,802.26,322361.0,297164.35,-25196.65,-7.82,C:\Users\DHANVISHLP\my-mlops-project\data\raw\generation\raw\2024\2025-03-31.pdf,True,
2025-03-31,2024-25,Northern,Nuclear,1620.0,1620.0,10793.0,35.12,31.64,10793.0,11022.71,229.71,2.13,C:\Users\DHANVISHLP\my-mlops-project\data\raw\generation\raw\2024\2025-03-31.pdf,True,
2025-03-31,2024-25,Northern,Hydro,20474.26,20474.26,80886.0,141.34,124.48,80886.0,76357.46,-4528.54,-5.6,C:\Users\DHANVISHLP\my-mlops-project\data\raw\generation\raw\2024\2025-03-31.pdf,True,
2025-03-31,2024-25,Northern,Total,77914.22,77914.22,414040.0,1099.49,958.38,414040.0,384544.52,-29495.48,-7.12,C:\Users\DHANVISHLP\my-mlops-project\data\raw\generation\raw\2024\2025-03-31.pdf,True,
2025-03-31,2024-25,Western,Thermal,96597.5,96597.5,544560.0,1562.06,1537.41,544560.0,542429.9,-2130.1,-0.39,C:\Users\DHANVISHLP\my-mlops-project\data\raw\generation\raw\2024\2025-03-31.pdf,True,
2025-03-31,2024-25,Western,Nuclear,3240.0,3240.0,22576.0,69.79,63.28,22576.0,20767.1,-1808.9,-8.01,C:\Users\DHANVISHLP\my-mlops-project\data\raw\generation\raw\2024\2025-03-31.pdf,True,
2025-03-31,2024-25,Western,Hydro,7392.0,7392.0,16573.0,38.55,47.44,16573.0,19695.01,3122.01,18.84,C:\Users\DHANVISHLP\my-mlops-project\data\raw\generation\raw\2024\2025-03-31.pdf,True,
2025-03-31,2024-25,Western,Total,107229.5,107229.5,583709.0,1670.4,1648.13,583709.0,582892.01,-816.99,-0.14,C:\Users\DHANVISHLP\my-mlops-project\data\raw\generation\raw\2024\2025-03-31.pdf,True,
2025-03-31,2024-25,Southern,Thermal,54177.34,54167.35,286830.0,863.08,797.52,286830.0,248880.65,-37949.35,-13.23,C:\Users\DHANVISHLP\my-mlops-project\data\raw\generation\raw\2024\2025-03-31.pdf,True,
2025-03-31,2024-25,Southern,Nuclear,3320.0,3320.0,21979.0,67.24,75.91,21979.0,24841.67,2862.67,13.02,C:\Users\DHANVISHLP\my-mlops-project\data\raw\generation\raw\2024\2025-03-31.pdf,True,
2025-03-31,2024-25,Southern,Hydro,11847.15,11847.15,30878.0,96.17,68.62,30878.0,33954.04,3076.04,9.96,C:\Users\DHANVISHLP\my-mlops-project\data\raw\generation\raw\2024\2025-03-31.pdf,True,
2025-03-31,2024-25,Southern,Total,69344.49,69334.5,339687.0,1026.49,942.05,339687.0,307676.36,-32010.64,-9.42,C:\Users\DHANVISHLP\my-mlops-project\data\raw\generation\raw\2024\2025-03-31.pdf,True,
2025-03-31,2024-25,Eastern,Thermal,37889.71,37889.71,275250.0,814.32,742.36,275250.0,261618.38,-13631.62,-4.95,C:\Users\DHANVISHLP\my-mlops-project\data\raw\generation\raw\2024\2025-03-31.pdf,True,
2025-03-31,2024-25,Eastern,Hydro,5987.75,5987.75,12220.0,20.67,24.52,12220.0,11195.73,-1024.27,-8.38,C:\Users\DHANVISHLP\my-mlops-project\data\raw\generation\raw\2024\2025-03-31.pdf,True,
2025-03-31,2024-25,Eastern,Total,43877.46,43877.46,287470.0,834.99,766.88,287470.0,272814.11,-14655.89,-5.1,C:\Users\DHANVISHLP\my-mlops-project\data\raw\generation\raw\2024\2025-03-31.pdf,True,
2025-03-31,2024-25,North Eastern,Thermal,2450.95,2450.95,15942.0,41.19,30.04,15942.0,13277.34,-2664.66,-16.71,C:\Users\DHANVISHLP\my-mlops-project\data\raw\generation\raw\2024\2025-03-31.pdf,True,
2025-03-31,2024-25,North Eastern,Hydro,2027.0,2027.0,7152.0,8.81,14.16,7152.0,7271.55,119.55,1.67,C:\Users\DHANVISHLP\my-mlops-project\data\raw\generation\raw\2024\2025-03-31.pdf,True,
2025-03-31,2024-25,North Eastern,Total,4477.95,4477.95,23094.0,50.0,44.2,23094.0,20548.89,-2545.11,-11.02,C:\Users\DHANVISHLP\my-mlops-project\data\raw\generation\raw\2024\2025-03-31.pdf,True,
2025-03-31,2024-25,ALL INDIA,Thermal,246935.47,246925.47,1444943.0,4203.68,3909.59,1444943.0,1363370.62,-81572.38,-5.65,C:\Users\DHANVISHLP\my-mlops-project\data\raw\generation\raw\2024\2025-03-31.pdf,True,
2025-03-31,2024-25,ALL INDIA,Nuclear,8180.0,8180.0,55348.0,172.15,170.83,55348.0,56631.48,1283.48,2.32,C:\Users\DHANVISHLP\my-mlops-project\data\raw\generation\raw\2024\2025-03-31.pdf,True,
2025-03-31,2024-25,ALL INDIA,Hydro,47728.16,47728.16,147709.0,305.54,279.22,147709.0,148473.79,764.79,0.52,C:\Users\DHANVISHLP\my-mlops-project\data\raw\generation\raw\2024\2025-03-31.pdf,True,
2025-03-31,2024-25,ALL INDIA,Bhutan Imp,,,8000.0,12.34,4.42,8000.0,5471.01,-2528.99,-31.61,C:\Users\DHANVISHLP\my-mlops-project\data\raw\generation\raw\2024\2025-03-31.pdf,True,
2025-03-31,2024-25,ALL INDIA,R.E.S,167709.52,,,,,,,,,C:\Users\DHANVISHLP\my-mlops-project\data\raw\generation\raw\2024\2025-03-31.pdf,True,
2025-03-31,2024-25,ALL INDIA,Total,470553.15,302833.63,1656000.0,4693.71,4364.06,1656000.0,1573946.9,-82053.1,-4.95,C:\Users\DHANVISHLP\my-mlops-project\data\raw\generation\raw\2024\2025-03-31.pdf,True,
